timestamp,city,pm25,pm10,no2
2026-06-29 00:00:00,Delhi,116.4,285.9,52.2
2026-06-29 01:00:00,Delhi,119.7,297.1,54.6
2026-06-29 02:00:00,Delhi,121.5,293.4,55.5
2026-06-29 03:00:00,Delhi,120.1,278.5,55.2
2026-06-29 04:00:00,Delhi,123.4,304.5,53.4
2026-06-29 05:00:00,Delhi,72.4,148.5,21.8
2026-06-29 06:00:00,Delhi,71.5,143.0,21.7
2026-06-29 07:00:00,Delhi,71.9,155.5,21.4
2026-06-29 08:00:00,Delhi,72.9,217.5,19.7
2026-06-29 09:00:00,Delhi,85.0,368.8,15.3
2026-06-29 10:00:00,Delhi,107.3,579.3,9.4
2026-06-29 11:00:00,Delhi,120.6,681.7,5.1
2026-06-29 12:00:00,Delhi,132.2,767.4,3.4
2026-06-29 13:00:00,Delhi,129.9,743.2,3.2
2026-06-29 14:00:00,Delhi,129.0,732.0,4.0
2026-06-29 15:00:00,Delhi,125.7,719.0,5.3
2026-06-29 16:00:00,Delhi,126.7,739.5,7.5
2026-06-29 17:00:00,Delhi,121.1,644.5,11.5
2026-06-29 18:00:00,Delhi,116.2,519.7,21.2
2026-06-29 19:00:00,Delhi,123.9,525.3,34.7
2026-06-29 20:00:00,Delhi,134.6,534.6,45.4
2026-06-29 21:00:00,Delhi,145.3,540.2,50.8
2026-06-29 22:00:00,Delhi,149.9,530.9,53.4
2026-06-29 23:00:00,Delhi,144.8,508.5,53.9
2026-06-30 00:00:00,Delhi,143.9,514.1,51.7
2026-06-30 01:00:00,Delhi,143.0,510.4,47.4
2026-06-30 02:00:00,Delhi,138.8,475.9,43.2
2026-06-30 03:00:00,Delhi,128.5,407.0,39.9
2026-06-30 04:00:00,Delhi,117.3,347.4,36.7
2026-06-30 05:00:00,Delhi,106.4,427.5,26.3
2026-06-30 06:00:00,Delhi,108.5,418.2,25.4
2026-06-30 07:00:00,Delhi,132.2,596.0,24.0
2026-06-30 08:00:00,Delhi,194.2,1087.8,22.3
2026-06-30 09:00:00,Delhi,244.9,1423.1,20.0
2026-06-30 10:00:00,Delhi,270.1,1542.3,17.4
2026-06-30 11:00:00,Delhi,276.6,1557.2,14.8
2026-06-30 12:00:00,Delhi,248.7,1423.1,11.8
2026-06-30 13:00:00,Delhi,204.9,1162.3,8.9
2026-06-30 14:00:00,Delhi,167.2,918.3,7.9
2026-06-30 15:00:00,Delhi,137.4,713.4,10.3
2026-06-30 16:00:00,Delhi,117.8,562.5,14.7
2026-06-30 17:00:00,Delhi,110.4,631.4,18.9
2026-06-30 18:00:00,Delhi,76.1,340.9,22.9
2026-06-30 19:00:00,Delhi,63.8,281.3,28.3
2026-06-30 20:00:00,Delhi,65.0,295.2,32.2
2026-06-30 21:00:00,Delhi,70.1,333.4,33.2
2026-06-30 22:00:00,Delhi,74.0,362.3,32.7
2026-06-30 23:00:00,Delhi,75.0,362.3,31.7
2026-07-01 00:00:00,Delhi,72.6,333.4,30.5
2026-07-01 01:00:00,Delhi,70.5,301.7,28.8
2026-07-01 02:00:00,Delhi,74.3,308.3,27.1
2026-07-01 03:00:00,Delhi,78.5,315.7,25.3
2026-07-01 04:00:00,Delhi,69.6,247.7,23.5
2026-07-01 05:00:00,Delhi,62.4,205.4,22.3
2026-07-01 06:00:00,Delhi,56.8,169.0,22.5
2026-07-01 07:00:00,Delhi,59.8,199.8,23.3
2026-07-01 08:00:00,Delhi,56.2,187.2,23.2
2026-07-01 09:00:00,Delhi,55.9,219.8,21.4
2026-07-01 10:00:00,Delhi,58.8,257.0,18.7
2026-07-01 11:00:00,Delhi,65.2,291.5,15.8
2026-07-01 12:00:00,Delhi,70.8,285.9,12.5
2026-07-01 13:00:00,Delhi,80.1,318.5,9.1
2026-07-01 14:00:00,Delhi,84.3,325.0,7.3
2026-07-01 15:00:00,Delhi,85.2,313.9,7.8
2026-07-01 16:00:00,Delhi,87.3,313.9,9.9
2026-07-01 17:00:00,Delhi,87.1,300.8,13.3
2026-07-01 18:00:00,Delhi,81.5,260.8,19.0
2026-07-01 19:00:00,Delhi,77.8,235.2,25.9
2026-07-01 20:00:00,Delhi,71.7,219.3,30.9
2026-07-01 21:00:00,Delhi,67.1,205.8,32.6
2026-07-01 22:00:00,Delhi,64.5,190.9,32.4
2026-07-01 23:00:00,Delhi,62.4,191.9,31.1
2026-07-02 00:00:00,Delhi,59.3,189.1,28.2
2026-07-02 01:00:00,Delhi,51.8,124.8,24.2
2026-07-02 02:00:00,Delhi,49.2,111.1,20.9
2026-07-02 03:00:00,Delhi,43.7,91.5,18.5
2026-07-02 04:00:00,Delhi,39.3,85.2,16.9
2026-07-02 05:00:00,Delhi,35.5,73.8,16.9
2026-07-02 06:00:00,Delhi,34.9,64.7,20.4
2026-07-02 07:00:00,Delhi,35.9,59.0,25.6
2026-07-02 08:00:00,Delhi,28.8,45.2,28.3
2026-07-02 09:00:00,Delhi,24.2,36.3,26.0
2026-07-02 10:00:00,Delhi,23.5,30.9,21.1
2026-07-02 11:00:00,Delhi,23.1,27.9,16.8
2026-07-02 12:00:00,Delhi,22.8,25.9,13.7
2026-07-02 13:00:00,Delhi,21.6,22.9,11.1
2026-07-02 14:00:00,Delhi,21.4,26.3,10.0
2026-07-02 15:00:00,Delhi,17.0,18.8,9.9
2026-07-02 16:00:00,Delhi,16.8,21.6,11.2
2026-07-02 17:00:00,Delhi,18.5,29.0,16.1
2026-07-02 18:00:00,Delhi,21.7,27.2,28.1
2026-07-02 19:00:00,Delhi,30.5,33.4,43.8
2026-07-02 20:00:00,Delhi,36.7,38.5,55.0
2026-07-02 21:00:00,Delhi,39.5,40.6,58.0
2026-07-02 22:00:00,Delhi,42.3,42.6,56.4
2026-07-02 23:00:00,Delhi,43.8,43.9,53.3
2026-07-03 00:00:00,Delhi,43.4,43.5,49.0
2026-07-03 01:00:00,Delhi,44.1,44.5,43.1
2026-07-03 02:00:00,Delhi,46.4,46.9,37.3
2026-07-03 03:00:00,Delhi,48.1,48.7,31.3
2026-07-03 04:00:00,Delhi,43.1,44.2,25.5
2026-07-03 05:00:00,Delhi,40.5,42.5,22.1
2026-07-03 06:00:00,Delhi,33.5,34.9,23.9
2026-07-03 07:00:00,Delhi,27.9,28.6,28.2
2026-07-03 08:00:00,Delhi,22.3,22.6,29.6
2026-07-03 09:00:00,Delhi,20.6,20.7,24.8
2026-07-03 10:00:00,Delhi,18.7,18.7,17.1
2026-07-03 11:00:00,Delhi,21.0,21.1,11.1
2026-07-03 12:00:00,Delhi,23.1,23.1,8.5
2026-07-03 13:00:00,Delhi,24.6,24.6,7.6
2026-07-03 14:00:00,Delhi,25.9,26.0,8.1
2026-07-03 15:00:00,Delhi,28.5,28.5,9.3
2026-07-03 16:00:00,Delhi,29.7,29.7,12.0
2026-07-03 17:00:00,Delhi,30.2,31.9,17.9
2026-07-03 18:00:00,Delhi,31.9,33.2,29.4
2026-07-03 19:00:00,Delhi,41.8,42.8,44.2
2026-07-03 20:00:00,Delhi,45.6,45.9,56.8
2026-07-03 21:00:00,Delhi,52.7,52.7,66.1
2026-07-03 22:00:00,Delhi,63.3,63.6,73.1
2026-07-03 23:00:00,Delhi,68.0,68.0,75.9
2026-07-04 00:00:00,Delhi,65.7,65.9,71.8
2026-07-04 01:00:00,Delhi,64.5,64.7,63.4
2026-07-04 02:00:00,Delhi,64.5,64.7,56.3
2026-07-04 03:00:00,Delhi,64.5,65.7,52.9
2026-07-04 04:00:00,Delhi,64.7,65.7,50.8
2026-07-04 05:00:00,Delhi,65.4,66.1,47.8
2026-07-04 06:00:00,Delhi,65.0,66.1,43.0
2026-07-04 07:00:00,Delhi,61.0,63.1,37.3
2026-07-04 08:00:00,Delhi,46.3,50.6,31.4
2026-07-04 09:00:00,Delhi,38.2,42.4,24.7
2026-07-04 10:00:00,Delhi,33.5,37.7,17.8
2026-07-04 11:00:00,Delhi,33.1,36.8,12.5
2026-07-04 12:00:00,Delhi,33.6,36.9,9.7
2026-07-04 13:00:00,Delhi,34.9,45.3,8.7
2026-07-04 14:00:00,Delhi,35.5,41.1,8.9
2026-07-04 15:00:00,Delhi,35.7,40.3,10.4
2026-07-04 16:00:00,Delhi,36.0,39.8,13.1
2026-07-04 17:00:00,Delhi,34.7,37.3,16.7
2026-07-04 18:00:00,Delhi,38.5,39.9,21.9
2026-07-04 19:00:00,Delhi,39.3,40.3,27.9
2026-07-04 20:00:00,Delhi,33.8,34.6,32.7
2026-07-04 21:00:00,Delhi,33.3,33.8,35.5
2026-07-04 22:00:00,Delhi,32.5,32.9,37.1
2026-07-04 23:00:00,Delhi,30.9,31.5,37.2
2026-07-05 00:00:00,Delhi,29.3,30.0,35.1
2026-07-05 01:00:00,Delhi,31.0,32.4,31.5
2026-07-05 02:00:00,Delhi,30.3,41.4,28.3
2026-07-05 03:00:00,Delhi,28.8,34.8,26.1
2026-07-05 04:00:00,Delhi,30.0,31.5,24.1
2026-07-05 05:00:00,Delhi,29.2,35.0,22.3
2026-07-05 06:00:00,Delhi,25.8,26.1,20.6
2026-07-05 07:00:00,Delhi,19.1,19.3,18.9
2026-07-05 08:00:00,Delhi,16.9,17.0,17.0
2026-07-05 09:00:00,Delhi,16.2,16.3,14.3
2026-07-05 10:00:00,Delhi,17.4,17.5,11.3
2026-07-05 11:00:00,Delhi,20.3,20.3,8.9
2026-07-05 12:00:00,Delhi,22.6,22.7,6.9
2026-07-05 13:00:00,Delhi,24.6,24.7,5.6
2026-07-05 14:00:00,Delhi,24.2,24.2,6.1
2026-07-05 15:00:00,Delhi,22.5,22.6,10.1
2026-07-05 16:00:00,Delhi,22.5,22.6,16.0
2026-07-05 17:00:00,Delhi,24.7,24.7,20.3
2026-06-29 00:00:00,Mumbai,10.4,18.4,9.0
2026-06-29 01:00:00,Mumbai,10.7,19.2,8.3
2026-06-29 02:00:00,Mumbai,10.6,19.1,7.8
2026-06-29 03:00:00,Mumbai,9.8,17.3,7.7
2026-06-29 04:00:00,Mumbai,9.6,16.8,7.7
2026-06-29 05:00:00,Mumbai,6.1,11.8,5.1
2026-06-29 06:00:00,Mumbai,6.7,12.4,7.8
2026-06-29 07:00:00,Mumbai,8.3,14.4,11.5
2026-06-29 08:00:00,Mumbai,10.1,16.6,13.6
2026-06-29 09:00:00,Mumbai,11.2,18.3,12.7
2026-06-29 10:00:00,Mumbai,12.1,19.8,10.2
2026-06-29 11:00:00,Mumbai,14.3,22.6,8.2
2026-06-29 12:00:00,Mumbai,16.9,26.5,7.2
2026-06-29 13:00:00,Mumbai,16.9,28.3,6.7
2026-06-29 14:00:00,Mumbai,16.4,27.5,6.5
2026-06-29 15:00:00,Mumbai,16.2,26.9,6.8
2026-06-29 16:00:00,Mumbai,15.4,24.9,7.6
2026-06-29 17:00:00,Mumbai,16.8,32.7,8.1
2026-06-29 18:00:00,Mumbai,15.1,28.3,9.5
2026-06-29 19:00:00,Mumbai,14.0,25.0,11.5
2026-06-29 20:00:00,Mumbai,12.5,21.4,13.0
2026-06-29 21:00:00,Mumbai,11.1,17.6,13.6
2026-06-29 22:00:00,Mumbai,10.4,15.7,13.6
2026-06-29 23:00:00,Mumbai,8.9,13.0,13.1
2026-06-30 00:00:00,Mumbai,7.0,10.1,11.8
2026-06-30 01:00:00,Mumbai,6.1,8.9,9.9
2026-06-30 02:00:00,Mumbai,5.8,8.7,8.4
2026-06-30 03:00:00,Mumbai,5.6,8.9,7.6
2026-06-30 04:00:00,Mumbai,5.6,9.0,7.2
2026-06-30 05:00:00,Mumbai,5.7,9.3,5.7
2026-06-30 06:00:00,Mumbai,6.4,10.8,6.8
2026-06-30 07:00:00,Mumbai,7.8,13.4,8.4
2026-06-30 08:00:00,Mumbai,9.3,16.5,9.3
2026-06-30 09:00:00,Mumbai,10.3,18.2,9.1
2026-06-30 10:00:00,Mumbai,11.6,19.7,8.2
2026-06-30 11:00:00,Mumbai,12.2,20.7,7.4
2026-06-30 12:00:00,Mumbai,12.8,20.7,6.7
2026-06-30 13:00:00,Mumbai,12.4,19.8,6.1
2026-06-30 14:00:00,Mumbai,11.6,18.6,6.0
2026-06-30 15:00:00,Mumbai,10.5,17.3,6.9
2026-06-30 16:00:00,Mumbai,9.8,16.5,8.3
2026-06-30 17:00:00,Mumbai,9.6,16.5,9.0
2026-06-30 18:00:00,Mumbai,9.2,15.8,9.0
2026-06-30 19:00:00,Mumbai,9.7,16.6,9.1
2026-06-30 20:00:00,Mumbai,9.8,17.4,8.8
2026-06-30 21:00:00,Mumbai,9.8,18.1,8.1
2026-06-30 22:00:00,Mumbai,10.0,18.9,7.1
2026-06-30 23:00:00,Mumbai,8.8,16.8,6.1
2026-07-01 00:00:00,Mumbai,7.9,15.4,5.0
2026-07-01 01:00:00,Mumbai,8.1,16.4,4.0
2026-07-01 02:00:00,Mumbai,8.7,18.3,3.2
2026-07-01 03:00:00,Mumbai,8.4,17.6,2.8
2026-07-01 04:00:00,Mumbai,8.4,17.2,2.6
2026-07-01 05:00:00,Mumbai,8.1,16.9,3.0
2026-07-01 06:00:00,Mumbai,7.8,15.9,4.3
2026-07-01 07:00:00,Mumbai,8.4,16.9,6.1
2026-07-01 08:00:00,Mumbai,9.2,18.4,7.4
2026-07-01 09:00:00,Mumbai,10.2,20.0,7.5
2026-07-01 10:00:00,Mumbai,10.9,21.4,7.0
2026-07-01 11:00:00,Mumbai,11.1,21.4,6.6
2026-07-01 12:00:00,Mumbai,10.7,20.1,6.6
2026-07-01 13:00:00,Mumbai,9.8,18.3,6.7
2026-07-01 14:00:00,Mumbai,11.3,22.0,7.0
2026-07-01 15:00:00,Mumbai,11.6,22.4,7.7
2026-07-01 16:00:00,Mumbai,10.7,19.8,8.7
2026-07-01 17:00:00,Mumbai,10.7,20.0,9.3
2026-07-01 18:00:00,Mumbai,10.7,20.1,9.4
2026-07-01 19:00:00,Mumbai,10.5,19.7,9.3
2026-07-01 20:00:00,Mumbai,9.9,17.6,8.9
2026-07-01 21:00:00,Mumbai,9.3,16.7,8.3
2026-07-01 22:00:00,Mumbai,8.9,16.8,7.4
2026-07-01 23:00:00,Mumbai,9.4,17.9,6.6
2026-07-02 00:00:00,Mumbai,9.0,16.9,5.8
2026-07-02 01:00:00,Mumbai,8.5,16.2,5.0
2026-07-02 02:00:00,Mumbai,8.1,15.3,4.5
2026-07-02 03:00:00,Mumbai,8.1,15.8,4.3
2026-07-02 04:00:00,Mumbai,8.1,15.9,4.3
2026-07-02 05:00:00,Mumbai,8.1,15.8,4.9
2026-07-02 06:00:00,Mumbai,7.6,14.3,6.6
2026-07-02 07:00:00,Mumbai,8.6,15.0,8.7
2026-07-02 08:00:00,Mumbai,8.7,14.4,9.9
2026-07-02 09:00:00,Mumbai,8.1,13.1,9.1
2026-07-02 10:00:00,Mumbai,8.1,13.0,7.3
2026-07-02 11:00:00,Mumbai,7.5,13.0,6.1
2026-07-02 12:00:00,Mumbai,7.5,12.6,6.2
2026-07-02 13:00:00,Mumbai,7.5,11.6,6.9
2026-07-02 14:00:00,Mumbai,8.5,13.6,7.9
2026-07-02 15:00:00,Mumbai,10.4,17.1,9.4
2026-07-02 16:00:00,Mumbai,11.0,18.8,11.2
2026-07-02 17:00:00,Mumbai,11.0,18.6,12.3
2026-07-02 18:00:00,Mumbai,10.9,18.3,12.3
2026-07-02 19:00:00,Mumbai,10.2,17.3,11.7
2026-07-02 20:00:00,Mumbai,10.7,18.6,10.9
2026-07-02 21:00:00,Mumbai,11.0,19.3,10.2
2026-07-02 22:00:00,Mumbai,10.9,19.7,9.3
2026-07-02 23:00:00,Mumbai,11.1,20.2,8.5
2026-07-03 00:00:00,Mumbai,10.8,20.2,7.6
2026-07-03 01:00:00,Mumbai,10.4,19.7,6.7
2026-07-03 02:00:00,Mumbai,9.4,17.5,6.0
2026-07-03 03:00:00,Mumbai,8.4,15.8,5.3
2026-07-03 04:00:00,Mumbai,8.9,16.7,4.9
2026-07-03 05:00:00,Mumbai,8.9,16.7,5.1
2026-07-03 06:00:00,Mumbai,9.7,18.7,6.8
2026-07-03 07:00:00,Mumbai,10.1,18.6,9.2
2026-07-03 08:00:00,Mumbai,9.4,16.1,10.7
2026-07-03 09:00:00,Mumbai,9.3,15.4,10.4
2026-07-03 10:00:00,Mumbai,9.6,16.3,9.2
2026-07-03 11:00:00,Mumbai,9.4,16.1,8.2
2026-07-03 12:00:00,Mumbai,9.2,15.8,7.7
2026-07-03 13:00:00,Mumbai,9.1,17.1,7.4
2026-07-03 14:00:00,Mumbai,9.4,17.6,7.6
2026-07-03 15:00:00,Mumbai,10.0,18.6,8.8
2026-07-03 16:00:00,Mumbai,10.4,19.4,10.5
2026-07-03 17:00:00,Mumbai,10.5,18.8,11.5
2026-07-03 18:00:00,Mumbai,10.2,19.4,11.1
2026-07-03 19:00:00,Mumbai,8.7,16.6,10.0
2026-07-03 20:00:00,Mumbai,9.7,19.6,9.0
2026-07-03 21:00:00,Mumbai,10.0,20.7,8.3
2026-07-03 22:00:00,Mumbai,10.4,20.9,7.6
2026-07-03 23:00:00,Mumbai,12.0,27.5,6.8
2026-07-04 00:00:00,Mumbai,11.7,26.4,5.8
2026-07-04 01:00:00,Mumbai,11.6,28.3,4.7
2026-07-04 02:00:00,Mumbai,12.4,31.9,3.9
2026-07-04 03:00:00,Mumbai,11.8,29.3,3.3
2026-07-04 04:00:00,Mumbai,11.8,31.7,3.0
2026-07-04 05:00:00,Mumbai,12.3,33.1,3.2
2026-07-04 06:00:00,Mumbai,11.5,29.6,4.6
2026-07-04 07:00:00,Mumbai,11.1,25.9,6.7
2026-07-04 08:00:00,Mumbai,11.0,24.2,7.9
2026-07-04 09:00:00,Mumbai,10.7,23.2,7.5
2026-07-04 10:00:00,Mumbai,10.0,21.4,6.3
2026-07-04 11:00:00,Mumbai,9.4,20.4,5.4
2026-07-04 12:00:00,Mumbai,9.7,20.8,5.1
2026-07-04 13:00:00,Mumbai,10.1,22.0,5.1
2026-07-04 14:00:00,Mumbai,10.5,22.8,5.3
2026-07-04 15:00:00,Mumbai,10.8,22.5,5.9
2026-07-04 16:00:00,Mumbai,9.7,19.0,6.7
2026-07-04 17:00:00,Mumbai,8.8,17.0,7.2
2026-07-04 18:00:00,Mumbai,9.2,18.0,7.1
2026-07-04 19:00:00,Mumbai,10.1,19.6,6.7
2026-07-04 20:00:00,Mumbai,10.2,20.7,6.3
2026-07-04 21:00:00,Mumbai,9.5,19.6,5.9
2026-07-04 22:00:00,Mumbai,9.2,18.9,5.4
2026-07-04 23:00:00,Mumbai,9.7,19.4,4.8
2026-07-05 00:00:00,Mumbai,10.4,21.4,4.1
2026-07-05 01:00:00,Mumbai,10.9,22.6,3.4
2026-07-05 02:00:00,Mumbai,10.7,21.9,2.9
2026-07-05 03:00:00,Mumbai,10.5,21.9,2.6
2026-07-05 04:00:00,Mumbai,9.9,20.9,2.6
2026-07-05 05:00:00,Mumbai,10.1,23.5,2.8
2026-07-05 06:00:00,Mumbai,11.0,26.3,3.6
2026-07-05 07:00:00,Mumbai,11.7,27.1,4.7
2026-07-05 08:00:00,Mumbai,10.8,22.4,5.4
2026-07-05 09:00:00,Mumbai,10.6,22.8,5.1
2026-07-05 10:00:00,Mumbai,10.1,22.3,4.4
2026-07-05 11:00:00,Mumbai,10.2,22.6,3.9
2026-07-05 12:00:00,Mumbai,10.8,23.5,3.8
2026-07-05 13:00:00,Mumbai,10.9,22.4,3.9
2026-07-05 14:00:00,Mumbai,10.5,21.7,4.0
2026-07-05 15:00:00,Mumbai,11.4,24.0,4.2
2026-07-05 16:00:00,Mumbai,11.6,25.3,4.6
2026-07-05 17:00:00,Mumbai,11.5,26.8,4.8
2026-06-29 00:00:00,Bengaluru,3.6,3.7,9.5
2026-06-29 01:00:00,Bengaluru,3.2,3.3,8.2
2026-06-29 02:00:00,Bengaluru,3.1,3.2,7.3
2026-06-29 03:00:00,Bengaluru,3.0,3.2,7.0
2026-06-29 04:00:00,Bengaluru,3.0,3.2,7.1
2026-06-29 05:00:00,Bengaluru,4.0,4.6,8.4
2026-06-29 06:00:00,Bengaluru,4.0,4.5,8.3
2026-06-29 07:00:00,Bengaluru,4.0,4.4,8.1
2026-06-29 08:00:00,Bengaluru,3.0,3.1,7.5
2026-06-29 09:00:00,Bengaluru,3.3,3.3,6.0
2026-06-29 10:00:00,Bengaluru,2.9,3.0,4.1
2026-06-29 11:00:00,Bengaluru,2.6,2.9,2.7
2026-06-29 12:00:00,Bengaluru,3.0,3.5,2.0
2026-06-29 13:00:00,Bengaluru,3.4,4.2,1.8
2026-06-29 14:00:00,Bengaluru,3.7,4.9,2.6
2026-06-29 15:00:00,Bengaluru,3.9,5.4,5.0
2026-06-29 16:00:00,Bengaluru,4.2,5.8,8.3
2026-06-29 17:00:00,Bengaluru,5.3,6.3,13.4
2026-06-29 18:00:00,Bengaluru,6.5,7.7,15.3
2026-06-29 19:00:00,Bengaluru,7.4,8.6,17.8
2026-06-29 20:00:00,Bengaluru,7.3,8.6,18.8
2026-06-29 21:00:00,Bengaluru,5.7,6.9,17.0
2026-06-29 22:00:00,Bengaluru,4.7,5.5,13.6
2026-06-29 23:00:00,Bengaluru,3.9,4.4,10.6
2026-06-30 00:00:00,Bengaluru,3.0,3.4,8.5
2026-06-30 01:00:00,Bengaluru,2.5,3.1,6.8
2026-06-30 02:00:00,Bengaluru,2.5,3.2,5.6
2026-06-30 03:00:00,Bengaluru,2.4,3.2,5.1
2026-06-30 04:00:00,Bengaluru,2.1,2.6,5.0
2026-06-30 05:00:00,Bengaluru,1.3,1.3,5.7
2026-06-30 06:00:00,Bengaluru,1.9,2.0,6.6
2026-06-30 07:00:00,Bengaluru,2.9,3.2,7.7
2026-06-30 08:00:00,Bengaluru,3.6,4.7,8.1
2026-06-30 09:00:00,Bengaluru,4.6,6.4,7.0
2026-06-30 10:00:00,Bengaluru,5.1,7.6,5.1
2026-06-30 11:00:00,Bengaluru,5.3,8.1,3.8
2026-06-30 12:00:00,Bengaluru,4.7,7.5,3.2
2026-06-30 13:00:00,Bengaluru,4.2,6.9,3.1
2026-06-30 14:00:00,Bengaluru,3.7,5.8,4.0
2026-06-30 15:00:00,Bengaluru,3.6,4.8,6.6
2026-06-30 16:00:00,Bengaluru,3.3,4.0,10.2
2026-06-30 17:00:00,Bengaluru,5.0,6.4,13.5
2026-06-30 18:00:00,Bengaluru,6.2,7.3,15.3
2026-06-30 19:00:00,Bengaluru,6.9,7.9,17.8
2026-06-30 20:00:00,Bengaluru,6.8,7.9,18.8
2026-06-30 21:00:00,Bengaluru,6.0,7.0,17.2
2026-06-30 22:00:00,Bengaluru,5.2,6.1,14.2
2026-06-30 23:00:00,Bengaluru,4.5,5.1,11.5
2026-07-01 00:00:00,Bengaluru,3.4,3.8,9.4
2026-07-01 01:00:00,Bengaluru,2.7,3.1,7.6
2026-07-01 02:00:00,Bengaluru,2.4,2.7,6.3
2026-07-01 03:00:00,Bengaluru,2.2,2.6,5.5
2026-07-01 04:00:00,Bengaluru,2.1,2.4,5.2
2026-07-01 05:00:00,Bengaluru,2.0,2.2,5.5
2026-07-01 06:00:00,Bengaluru,2.1,2.2,7.0
2026-07-01 07:00:00,Bengaluru,3.3,3.4,9.0
2026-07-01 08:00:00,Bengaluru,3.2,3.3,9.9
2026-07-01 09:00:00,Bengaluru,2.5,2.6,8.2
2026-07-01 10:00:00,Bengaluru,2.3,2.4,5.3
2026-07-01 11:00:00,Bengaluru,2.0,2.1,3.4
2026-07-01 12:00:00,Bengaluru,1.9,2.1,3.6
2026-07-01 13:00:00,Bengaluru,2.0,2.4,4.8
2026-07-01 14:00:00,Bengaluru,2.9,3.2,6.3
2026-07-01 15:00:00,Bengaluru,3.0,3.6,8.0
2026-07-01 16:00:00,Bengaluru,3.5,4.7,10.0
2026-07-01 17:00:00,Bengaluru,4.1,5.4,11.8
2026-07-01 18:00:00,Bengaluru,4.8,5.9,13.5
2026-07-01 19:00:00,Bengaluru,4.6,5.1,15.2
2026-07-01 20:00:00,Bengaluru,4.4,4.6,16.1
2026-07-01 21:00:00,Bengaluru,4.3,4.5,16.1
2026-07-01 22:00:00,Bengaluru,4.4,4.7,15.4
2026-07-01 23:00:00,Bengaluru,4.1,4.3,14.3
2026-07-02 00:00:00,Bengaluru,3.3,3.4,12.4
2026-07-02 01:00:00,Bengaluru,2.8,3.0,10.1
2026-07-02 02:00:00,Bengaluru,2.4,2.5,8.2
2026-07-02 03:00:00,Bengaluru,2.2,2.3,7.0
2026-07-02 04:00:00,Bengaluru,2.1,2.2,6.2
2026-07-02 05:00:00,Bengaluru,2.0,2.1,6.3
2026-07-02 06:00:00,Bengaluru,2.1,2.2,8.1
2026-07-02 07:00:00,Bengaluru,3.4,3.5,10.8
2026-07-02 08:00:00,Bengaluru,3.6,3.7,12.3
2026-07-02 09:00:00,Bengaluru,3.6,3.9,11.0
2026-07-02 10:00:00,Bengaluru,3.2,3.7,8.5
2026-07-02 11:00:00,Bengaluru,3.4,4.2,7.2
2026-07-02 12:00:00,Bengaluru,3.9,5.1,8.3
2026-07-02 13:00:00,Bengaluru,4.7,5.7,10.7
2026-07-02 14:00:00,Bengaluru,5.1,6.0,13.2
2026-07-02 15:00:00,Bengaluru,5.3,5.9,15.8
2026-07-02 16:00:00,Bengaluru,5.2,5.7,18.5
2026-07-02 17:00:00,Bengaluru,5.6,6.3,20.4
2026-07-02 18:00:00,Bengaluru,6.0,6.9,20.9
2026-07-02 19:00:00,Bengaluru,6.7,8.6,20.6
2026-07-02 20:00:00,Bengaluru,7.2,9.8,19.7
2026-07-02 21:00:00,Bengaluru,6.8,9.3,18.3
2026-07-02 22:00:00,Bengaluru,6.3,8.2,16.3
2026-07-02 23:00:00,Bengaluru,5.5,7.1,14.2
2026-07-03 00:00:00,Bengaluru,4.4,5.8,11.8
2026-07-03 01:00:00,Bengaluru,3.7,5.0,9.3
2026-07-03 02:00:00,Bengaluru,3.3,4.6,7.3
2026-07-03 03:00:00,Bengaluru,3.3,5.0,6.1
2026-07-03 04:00:00,Bengaluru,3.4,6.1,5.4
2026-07-03 05:00:00,Bengaluru,3.7,6.9,5.4
2026-07-03 06:00:00,Bengaluru,3.5,5.8,6.6
2026-07-03 07:00:00,Bengaluru,3.8,5.0,8.4
2026-07-03 08:00:00,Bengaluru,3.6,4.4,9.1
2026-07-03 09:00:00,Bengaluru,3.6,4.9,7.6
2026-07-03 10:00:00,Bengaluru,4.3,7.6,5.0
2026-07-03 11:00:00,Bengaluru,5.2,10.2,3.0
2026-07-03 12:00:00,Bengaluru,6.0,12.2,2.4
2026-07-03 13:00:00,Bengaluru,6.9,14.3,2.4
2026-07-03 14:00:00,Bengaluru,7.7,16.0,2.9
2026-07-03 15:00:00,Bengaluru,8.3,17.3,4.0
2026-07-03 16:00:00,Bengaluru,9.1,18.5,5.6
2026-07-03 17:00:00,Bengaluru,9.7,18.6,7.2
2026-07-03 18:00:00,Bengaluru,9.4,16.7,8.9
2026-07-03 19:00:00,Bengaluru,9.0,14.7,10.6
2026-07-03 20:00:00,Bengaluru,7.9,11.8,11.7
2026-07-03 21:00:00,Bengaluru,6.6,9.3,11.8
2026-07-03 22:00:00,Bengaluru,5.5,7.3,11.2
2026-07-03 23:00:00,Bengaluru,4.7,6.1,10.3
2026-07-04 00:00:00,Bengaluru,3.6,4.5,8.9
2026-07-04 01:00:00,Bengaluru,3.0,3.7,7.2
2026-07-04 02:00:00,Bengaluru,2.4,2.9,5.8
2026-07-04 03:00:00,Bengaluru,2.1,2.6,4.8
2026-07-04 04:00:00,Bengaluru,2.1,3.2,4.0
2026-07-04 05:00:00,Bengaluru,2.7,4.7,4.0
2026-07-04 06:00:00,Bengaluru,3.4,6.6,5.4
2026-07-04 07:00:00,Bengaluru,4.3,7.9,7.4
2026-07-04 08:00:00,Bengaluru,5.7,10.4,8.3
2026-07-04 09:00:00,Bengaluru,5.8,10.2,6.9
2026-07-04 10:00:00,Bengaluru,5.9,11.2,4.5
2026-07-04 11:00:00,Bengaluru,7.7,17.1,2.6
2026-07-04 12:00:00,Bengaluru,9.2,21.5,2.0
2026-07-04 13:00:00,Bengaluru,9.6,22.5,1.9
2026-07-04 14:00:00,Bengaluru,9.3,21.0,2.4
2026-07-04 15:00:00,Bengaluru,8.2,17.2,3.4
2026-07-04 16:00:00,Bengaluru,7.6,15.5,4.9
2026-07-04 17:00:00,Bengaluru,7.6,14.6,6.5
2026-07-04 18:00:00,Bengaluru,6.9,11.6,8.3
2026-07-04 19:00:00,Bengaluru,6.3,9.7,10.2
2026-07-04 20:00:00,Bengaluru,6.0,9.1,11.5
2026-07-04 21:00:00,Bengaluru,5.5,7.9,11.8
2026-07-04 22:00:00,Bengaluru,4.8,6.5,11.4
2026-07-04 23:00:00,Bengaluru,4.2,5.3,10.6
2026-07-05 00:00:00,Bengaluru,3.0,3.6,9.2
2026-07-05 01:00:00,Bengaluru,2.4,2.7,7.4
2026-07-05 02:00:00,Bengaluru,2.1,2.4,6.0
2026-07-05 03:00:00,Bengaluru,2.0,2.6,5.2
2026-07-05 04:00:00,Bengaluru,1.7,2.1,4.8
2026-07-05 05:00:00,Bengaluru,1.6,2.0,4.6
2026-07-05 06:00:00,Bengaluru,1.8,2.6,4.7
2026-07-05 07:00:00,Bengaluru,2.8,4.2,5.0
2026-07-05 08:00:00,Bengaluru,3.8,7.0,5.0
2026-07-05 09:00:00,Bengaluru,4.7,9.9,4.2
2026-07-05 10:00:00,Bengaluru,6.1,13.7,3.0
2026-07-05 11:00:00,Bengaluru,7.3,16.4,2.1
2026-07-05 12:00:00,Bengaluru,7.7,17.0,1.7
2026-07-05 13:00:00,Bengaluru,7.1,15.1,1.7
2026-07-05 14:00:00,Bengaluru,5.7,11.3,1.9
2026-07-05 15:00:00,Bengaluru,4.6,8.6,2.6
2026-07-05 16:00:00,Bengaluru,4.3,7.2,3.6
2026-07-05 17:00:00,Bengaluru,4.0,6.0,4.3
2026-06-29 00:00:00,Chennai,10.0,11.9,9.3
2026-06-29 01:00:00,Chennai,9.5,11.4,10.6
2026-06-29 02:00:00,Chennai,9.9,12.2,11.7
2026-06-29 03:00:00,Chennai,10.5,13.2,12.4
2026-06-29 04:00:00,Chennai,10.6,13.2,12.8
2026-06-29 05:00:00,Chennai,15.3,15.8,20.5
2026-06-29 06:00:00,Chennai,16.9,18.0,19.6
2026-06-29 07:00:00,Chennai,16.6,17.9,18.2
2026-06-29 08:00:00,Chennai,15.6,16.3,16.2
2026-06-29 09:00:00,Chennai,15.4,16.2,13.0
2026-06-29 10:00:00,Chennai,16.4,17.3,9.0
2026-06-29 11:00:00,Chennai,19.0,22.0,5.9
2026-06-29 12:00:00,Chennai,21.4,26.1,4.1
2026-06-29 13:00:00,Chennai,19.4,23.9,3.0
2026-06-29 14:00:00,Chennai,17.3,21.8,2.6
2026-06-29 15:00:00,Chennai,14.3,18.5,2.8
2026-06-29 16:00:00,Chennai,12.5,16.6,3.7
2026-06-29 17:00:00,Chennai,6.9,10.5,4.3
2026-06-29 18:00:00,Chennai,8.0,11.7,4.9
2026-06-29 19:00:00,Chennai,10.7,14.9,5.7
2026-06-29 20:00:00,Chennai,12.3,16.7,7.2
2026-06-29 21:00:00,Chennai,13.0,17.5,10.0
2026-06-29 22:00:00,Chennai,15.2,19.2,13.3
2026-06-29 23:00:00,Chennai,12.4,14.8,15.4
2026-06-30 00:00:00,Chennai,8.0,8.9,15.0
2026-06-30 01:00:00,Chennai,6.1,7.1,13.3
2026-06-30 02:00:00,Chennai,5.8,6.9,12.1
2026-06-30 03:00:00,Chennai,5.9,7.1,12.1
2026-06-30 04:00:00,Chennai,5.8,6.8,12.6
2026-06-30 05:00:00,Chennai,3.4,3.6,9.5
2026-06-30 06:00:00,Chennai,3.0,3.0,9.3
2026-06-30 07:00:00,Chennai,2.9,3.0,8.9
2026-06-30 08:00:00,Chennai,3.2,3.3,8.3
2026-06-30 09:00:00,Chennai,4.0,4.2,7.4
2026-06-30 10:00:00,Chennai,5.6,5.9,6.4
2026-06-30 11:00:00,Chennai,7.3,8.0,5.4
2026-06-30 12:00:00,Chennai,11.0,14.3,4.5
2026-06-30 13:00:00,Chennai,13.2,17.6,3.7
2026-06-30 14:00:00,Chennai,13.0,17.7,3.3
2026-06-30 15:00:00,Chennai,12.9,17.8,3.3
2026-06-30 16:00:00,Chennai,13.2,18.3,3.7
2026-06-30 17:00:00,Chennai,15.0,20.2,4.8
2026-06-30 18:00:00,Chennai,15.7,21.4,6.8
2026-06-30 19:00:00,Chennai,15.9,21.5,9.7
2026-06-30 20:00:00,Chennai,15.7,21.1,12.6
2026-06-30 21:00:00,Chennai,12.0,15.1,15.7
2026-06-30 22:00:00,Chennai,9.3,10.6,18.8
2026-06-30 23:00:00,Chennai,10.2,11.1,20.8
2026-07-01 00:00:00,Chennai,11.2,12.2,21.1
2026-07-01 01:00:00,Chennai,11.4,12.5,20.3
2026-07-01 02:00:00,Chennai,10.0,11.0,19.1
2026-07-01 03:00:00,Chennai,8.0,9.0,17.7
2026-07-01 04:00:00,Chennai,7.0,7.9,15.9
2026-07-01 05:00:00,Chennai,6.4,7.2,14.3
2026-07-01 06:00:00,Chennai,5.9,6.7,13.1
2026-07-01 07:00:00,Chennai,5.8,6.5,12.2
2026-07-01 08:00:00,Chennai,5.5,6.3,11.3
2026-07-01 09:00:00,Chennai,5.6,6.2,10.3
2026-07-01 10:00:00,Chennai,5.8,6.3,9.3
2026-07-01 11:00:00,Chennai,6.2,6.7,8.8
2026-07-01 12:00:00,Chennai,5.9,6.1,9.1
2026-07-01 13:00:00,Chennai,6.4,6.8,9.9
2026-07-01 14:00:00,Chennai,6.9,7.1,10.5
2026-07-01 15:00:00,Chennai,7.3,7.7,10.3
2026-07-01 16:00:00,Chennai,9.6,11.5,9.9
2026-07-01 17:00:00,Chennai,12.4,15.7,10.8
2026-07-01 18:00:00,Chennai,15.1,19.0,14.4
2026-07-01 19:00:00,Chennai,12.3,14.6,19.3
2026-07-01 20:00:00,Chennai,9.5,10.0,23.1
2026-07-01 21:00:00,Chennai,9.7,9.9,25.0
2026-07-01 22:00:00,Chennai,10.4,10.9,25.9
2026-07-01 23:00:00,Chennai,11.0,11.6,26.0
2026-07-02 00:00:00,Chennai,11.8,12.6,25.5
2026-07-02 01:00:00,Chennai,12.3,13.3,24.3
2026-07-02 02:00:00,Chennai,11.5,12.4,22.5
2026-07-02 03:00:00,Chennai,9.5,10.3,19.3
2026-07-02 04:00:00,Chennai,7.7,8.2,15.6
2026-07-02 05:00:00,Chennai,5.3,6.1,13.4
2026-07-02 06:00:00,Chennai,5.7,6.4,14.5
2026-07-02 07:00:00,Chennai,6.8,7.5,17.2
2026-07-02 08:00:00,Chennai,8.1,8.8,18.9
2026-07-02 09:00:00,Chennai,8.3,9.0,18.3
2026-07-02 10:00:00,Chennai,7.9,8.6,16.6
2026-07-02 11:00:00,Chennai,7.4,8.0,14.8
2026-07-02 12:00:00,Chennai,7.4,8.4,12.8
2026-07-02 13:00:00,Chennai,8.1,10.0,10.6
2026-07-02 14:00:00,Chennai,9.1,12.0,9.6
2026-07-02 15:00:00,Chennai,9.9,13.2,10.6
2026-07-02 16:00:00,Chennai,10.3,13.7,12.8
2026-07-02 17:00:00,Chennai,10.4,13.6,15.0
2026-07-02 18:00:00,Chennai,10.0,12.8,17.2
2026-07-02 19:00:00,Chennai,9.8,12.1,19.5
2026-07-02 20:00:00,Chennai,9.7,11.8,21.0
2026-07-02 21:00:00,Chennai,9.0,10.6,21.3
2026-07-02 22:00:00,Chennai,9.0,10.2,20.9
2026-07-02 23:00:00,Chennai,8.9,10.1,20.4
2026-07-03 00:00:00,Chennai,8.9,10.2,19.9
2026-07-03 01:00:00,Chennai,8.9,10.5,19.2
2026-07-03 02:00:00,Chennai,8.8,11.0,18.5
2026-07-03 03:00:00,Chennai,8.8,11.5,17.8
2026-07-03 04:00:00,Chennai,8.7,11.7,17.0
2026-07-03 05:00:00,Chennai,8.5,11.7,16.0
2026-07-03 06:00:00,Chennai,8.6,11.6,14.6
2026-07-03 07:00:00,Chennai,8.6,11.6,13.0
2026-07-03 08:00:00,Chennai,8.3,11.6,11.3
2026-07-03 09:00:00,Chennai,8.8,13.4,9.3
2026-07-03 10:00:00,Chennai,10.6,16.8,7.2
2026-07-03 11:00:00,Chennai,13.0,20.0,5.5
2026-07-03 12:00:00,Chennai,14.5,21.8,4.3
2026-07-03 13:00:00,Chennai,14.4,21.1,3.5
2026-07-03 14:00:00,Chennai,14.3,20.9,3.3
2026-07-03 15:00:00,Chennai,15.0,22.3,3.6
2026-07-03 16:00:00,Chennai,16.1,24.2,4.6
2026-07-03 17:00:00,Chennai,16.9,25.3,6.3
2026-07-03 18:00:00,Chennai,19.2,29.3,9.5
2026-07-03 19:00:00,Chennai,16.5,23.4,13.6
2026-07-03 20:00:00,Chennai,12.9,17.9,16.5
2026-07-03 21:00:00,Chennai,9.5,13.3,17.4
2026-07-03 22:00:00,Chennai,9.5,13.2,17.2
2026-07-03 23:00:00,Chennai,10.2,13.6,16.8
2026-07-04 00:00:00,Chennai,10.9,13.9,16.4
2026-07-04 01:00:00,Chennai,11.5,14.4,15.7
2026-07-04 02:00:00,Chennai,10.6,13.9,14.9
2026-07-04 03:00:00,Chennai,9.0,11.4,13.7
2026-07-04 04:00:00,Chennai,8.5,10.4,12.3
2026-07-04 05:00:00,Chennai,5.5,6.7,11.2
2026-07-04 06:00:00,Chennai,4.9,6.1,10.9
2026-07-04 07:00:00,Chennai,5.2,6.8,11.0
2026-07-04 08:00:00,Chennai,6.4,8.4,10.5
2026-07-04 09:00:00,Chennai,7.1,9.8,8.9
2026-07-04 10:00:00,Chennai,8.8,12.7,6.9
2026-07-04 11:00:00,Chennai,11.2,16.7,5.2
2026-07-04 12:00:00,Chennai,13.5,20.8,4.1
2026-07-04 13:00:00,Chennai,14.6,23.0,3.4
2026-07-04 14:00:00,Chennai,15.5,25.0,3.3
2026-07-04 15:00:00,Chennai,16.6,27.1,3.8
2026-07-04 16:00:00,Chennai,17.5,28.8,4.9
2026-07-04 17:00:00,Chennai,18.5,30.0,6.7
2026-07-04 18:00:00,Chennai,20.1,31.2,9.4
2026-07-04 19:00:00,Chennai,20.9,30.7,12.8
2026-07-04 20:00:00,Chennai,20.3,29.3,15.8
2026-07-04 21:00:00,Chennai,19.7,27.9,18.5
2026-07-04 22:00:00,Chennai,19.6,26.8,20.8
2026-07-04 23:00:00,Chennai,17.2,22.8,21.5
2026-07-05 00:00:00,Chennai,13.8,18.5,19.2
2026-07-05 01:00:00,Chennai,10.8,15.0,15.2
2026-07-05 02:00:00,Chennai,8.6,12.1,12.1
2026-07-05 03:00:00,Chennai,7.0,9.8,11.3
2026-07-05 04:00:00,Chennai,6.0,7.9,11.4
2026-07-05 05:00:00,Chennai,5.4,6.9,11.3
2026-07-05 06:00:00,Chennai,5.4,6.6,10.5
2026-07-05 07:00:00,Chennai,5.2,6.3,9.4
2026-07-05 08:00:00,Chennai,5.1,6.4,8.2
2026-07-05 09:00:00,Chennai,5.9,8.5,6.7
2026-07-05 10:00:00,Chennai,7.2,11.5,5.0
2026-07-05 11:00:00,Chennai,9.0,14.4,3.8
2026-07-05 12:00:00,Chennai,10.6,16.7,3.2
2026-07-05 13:00:00,Chennai,12.4,19.3,2.9
2026-07-05 14:00:00,Chennai,13.7,21.4,3.1
2026-07-05 15:00:00,Chennai,14.8,23.0,3.8
2026-07-05 16:00:00,Chennai,15.7,24.2,5.0
2026-07-05 17:00:00,Chennai,15.8,24.2,5.8
2026-06-29 00:00:00,Kolkata,28.9,31.8,8.2
2026-06-29 01:00:00,Kolkata,30.7,32.9,8.5
2026-06-29 02:00:00,Kolkata,33.8,35.6,9.1
2026-06-29 03:00:00,Kolkata,36.7,38.3,10.2
2026-06-29 04:00:00,Kolkata,38.9,40.4,11.5
2026-06-29 05:00:00,Kolkata,37.5,38.9,14.0
2026-06-29 06:00:00,Kolkata,36.7,38.2,12.2
2026-06-29 07:00:00,Kolkata,35.3,37.1,9.8
2026-06-29 08:00:00,Kolkata,35.3,37.0,7.9
2026-06-29 09:00:00,Kolkata,36.1,38.2,7.2
2026-06-29 10:00:00,Kolkata,37.3,39.5,7.0
2026-06-29 11:00:00,Kolkata,37.1,39.2,7.2
2026-06-29 12:00:00,Kolkata,36.4,38.5,7.6
2026-06-29 13:00:00,Kolkata,31.3,33.6,8.3
2026-06-29 14:00:00,Kolkata,30.3,32.5,9.1
2026-06-29 15:00:00,Kolkata,28.5,30.9,9.7
2026-06-29 16:00:00,Kolkata,25.9,28.6,10.4
2026-06-29 17:00:00,Kolkata,40.3,43.3,12.0
2026-06-29 18:00:00,Kolkata,36.1,38.8,12.9
2026-06-29 19:00:00,Kolkata,34.8,37.5,14.0
2026-06-29 20:00:00,Kolkata,35.7,38.6,14.4
2026-06-29 21:00:00,Kolkata,38.0,41.0,12.8
2026-06-29 22:00:00,Kolkata,37.8,39.7,10.5
2026-06-29 23:00:00,Kolkata,35.9,36.9,9.6
2026-06-30 00:00:00,Kolkata,41.7,42.5,11.5
2026-06-30 01:00:00,Kolkata,48.3,49.0,14.9
2026-06-30 02:00:00,Kolkata,54.4,54.9,17.9
2026-06-30 03:00:00,Kolkata,56.1,56.7,20.5
2026-06-30 04:00:00,Kolkata,59.4,60.1,22.7
2026-06-30 05:00:00,Kolkata,57.4,57.5,20.9
2026-06-30 06:00:00,Kolkata,48.4,48.8,18.5
2026-06-30 07:00:00,Kolkata,46.3,46.7,15.1
2026-06-30 08:00:00,Kolkata,41.8,42.5,12.3
2026-06-30 09:00:00,Kolkata,40.2,40.9,10.8
2026-06-30 10:00:00,Kolkata,38.8,39.3,10.0
2026-06-30 11:00:00,Kolkata,37.1,37.7,9.3
2026-06-30 12:00:00,Kolkata,35.6,36.1,8.4
2026-06-30 13:00:00,Kolkata,34.3,34.7,7.6
2026-06-30 14:00:00,Kolkata,31.5,31.9,7.6
2026-06-30 15:00:00,Kolkata,30.9,31.2,8.6
2026-06-30 16:00:00,Kolkata,28.5,28.9,10.3
2026-06-30 17:00:00,Kolkata,32.6,33.4,15.0
2026-06-30 18:00:00,Kolkata,34.9,35.4,16.8
2026-06-30 19:00:00,Kolkata,42.4,43.0,19.3
2026-06-30 20:00:00,Kolkata,41.0,41.4,21.6
2026-06-30 21:00:00,Kolkata,44.8,45.2,23.9
2026-06-30 22:00:00,Kolkata,48.4,49.1,26.0
2026-06-30 23:00:00,Kolkata,46.8,47.4,26.4
2026-07-01 00:00:00,Kolkata,35.0,36.1,23.7
2026-07-01 01:00:00,Kolkata,33.9,35.0,19.3
2026-07-01 02:00:00,Kolkata,35.0,36.2,16.4
2026-07-01 03:00:00,Kolkata,36.0,37.3,17.1
2026-07-01 04:00:00,Kolkata,37.4,38.6,19.2
2026-07-01 05:00:00,Kolkata,42.7,44.1,20.0
2026-07-01 06:00:00,Kolkata,43.9,45.3,17.9
2026-07-01 07:00:00,Kolkata,36.6,38.4,14.4
2026-07-01 08:00:00,Kolkata,34.8,36.2,11.1
2026-07-01 09:00:00,Kolkata,31.4,32.1,8.5
2026-07-01 10:00:00,Kolkata,27.2,27.9,6.1
2026-07-01 11:00:00,Kolkata,26.8,27.4,4.4
2026-07-01 12:00:00,Kolkata,25.4,25.8,3.5
2026-07-01 13:00:00,Kolkata,23.1,23.5,3.3
2026-07-01 14:00:00,Kolkata,21.8,22.1,4.3
2026-07-01 15:00:00,Kolkata,21.8,22.2,7.1
2026-07-01 16:00:00,Kolkata,22.0,22.4,11.0
2026-07-01 17:00:00,Kolkata,25.7,26.0,14.5
2026-07-01 18:00:00,Kolkata,30.7,31.0,17.2
2026-07-01 19:00:00,Kolkata,34.7,34.9,19.5
2026-07-01 20:00:00,Kolkata,34.5,34.9,20.3
2026-07-01 21:00:00,Kolkata,31.8,32.6,18.6
2026-07-01 22:00:00,Kolkata,27.7,28.6,15.5
2026-07-01 23:00:00,Kolkata,24.6,25.6,13.5
2026-07-02 00:00:00,Kolkata,24.5,25.8,14.0
2026-07-02 01:00:00,Kolkata,27.5,28.8,15.7
2026-07-02 02:00:00,Kolkata,29.5,30.9,16.6
2026-07-02 03:00:00,Kolkata,27.0,28.2,16.2
2026-07-02 04:00:00,Kolkata,23.6,24.6,15.1
2026-07-02 05:00:00,Kolkata,21.4,22.4,13.6
2026-07-02 06:00:00,Kolkata,15.7,16.6,11.3
2026-07-02 07:00:00,Kolkata,14.9,15.7,8.6
2026-07-02 08:00:00,Kolkata,12.1,13.0,6.3
2026-07-02 09:00:00,Kolkata,11.8,12.5,4.9
2026-07-02 10:00:00,Kolkata,10.4,10.8,4.0
2026-07-02 11:00:00,Kolkata,11.1,11.5,3.4
2026-07-02 12:00:00,Kolkata,11.0,11.4,3.1
2026-07-02 13:00:00,Kolkata,10.6,11.0,3.1
2026-07-02 14:00:00,Kolkata,10.8,11.2,3.9
2026-07-02 15:00:00,Kolkata,11.8,12.2,5.5
2026-07-02 16:00:00,Kolkata,13.1,13.5,7.8
2026-07-02 17:00:00,Kolkata,15.1,15.8,10.7
2026-07-02 18:00:00,Kolkata,23.1,23.7,14.8
2026-07-02 19:00:00,Kolkata,26.8,27.6,19.5
2026-07-02 20:00:00,Kolkata,33.3,34.2,22.4
2026-07-02 21:00:00,Kolkata,31.9,32.9,22.0
2026-07-02 22:00:00,Kolkata,28.8,29.8,19.7
2026-07-02 23:00:00,Kolkata,28.0,29.0,18.0
2026-07-03 00:00:00,Kolkata,29.4,30.5,17.7
2026-07-03 01:00:00,Kolkata,30.6,31.8,17.9
2026-07-03 02:00:00,Kolkata,28.9,30.2,18.1
2026-07-03 03:00:00,Kolkata,28.9,30.0,18.5
2026-07-03 04:00:00,Kolkata,28.9,29.9,19.0
2026-07-03 05:00:00,Kolkata,27.6,28.7,18.1
2026-07-03 06:00:00,Kolkata,20.7,22.1,14.7
2026-07-03 07:00:00,Kolkata,18.4,20.3,10.0
2026-07-03 08:00:00,Kolkata,14.3,16.6,6.2
2026-07-03 09:00:00,Kolkata,13.6,15.4,4.2
2026-07-03 10:00:00,Kolkata,13.4,15.0,3.2
2026-07-03 11:00:00,Kolkata,11.2,12.1,2.8
2026-07-03 12:00:00,Kolkata,10.9,11.5,3.1
2026-07-03 13:00:00,Kolkata,11.0,11.9,4.1
2026-07-03 14:00:00,Kolkata,10.9,11.6,5.5
2026-07-03 15:00:00,Kolkata,11.0,11.8,6.5
2026-07-03 16:00:00,Kolkata,12.6,13.4,8.0
2026-07-03 17:00:00,Kolkata,14.9,15.8,12.1
2026-07-03 18:00:00,Kolkata,30.7,31.5,21.8
2026-07-03 19:00:00,Kolkata,46.6,47.8,34.2
2026-07-03 20:00:00,Kolkata,58.2,59.6,43.0
2026-07-03 21:00:00,Kolkata,67.3,68.9,45.3
2026-07-03 22:00:00,Kolkata,63.8,65.4,43.9
2026-07-03 23:00:00,Kolkata,58.7,60.1,40.9
2026-07-04 00:00:00,Kolkata,52.0,53.6,35.8
2026-07-04 01:00:00,Kolkata,43.0,44.2,29.0
2026-07-04 02:00:00,Kolkata,30.4,31.5,23.9
2026-07-04 03:00:00,Kolkata,23.8,24.7,22.8
2026-07-04 04:00:00,Kolkata,27.9,28.7,23.4
2026-07-04 05:00:00,Kolkata,26.8,27.8,22.4
2026-07-04 06:00:00,Kolkata,18.7,20.0,17.8
2026-07-04 07:00:00,Kolkata,19.1,20.7,11.6
2026-07-04 08:00:00,Kolkata,16.1,17.8,6.9
2026-07-04 09:00:00,Kolkata,13.8,14.8,4.8
2026-07-04 10:00:00,Kolkata,14.4,15.0,4.1
2026-07-04 11:00:00,Kolkata,13.5,13.9,4.1
2026-07-04 12:00:00,Kolkata,12.6,12.9,4.7
2026-07-04 13:00:00,Kolkata,13.3,13.6,5.9
2026-07-04 14:00:00,Kolkata,12.7,12.9,7.5
2026-07-04 15:00:00,Kolkata,11.6,11.7,8.8
2026-07-04 16:00:00,Kolkata,12.3,12.6,10.4
2026-07-04 17:00:00,Kolkata,15.5,15.8,14.0
2026-07-04 18:00:00,Kolkata,22.6,23.0,21.9
2026-07-04 19:00:00,Kolkata,37.1,37.7,31.7
2026-07-04 20:00:00,Kolkata,51.2,51.8,38.1
2026-07-04 21:00:00,Kolkata,51.3,51.9,38.2
2026-07-04 22:00:00,Kolkata,45.5,46.2,34.8
2026-07-04 23:00:00,Kolkata,39.2,39.9,31.1
2026-07-05 00:00:00,Kolkata,32.0,32.6,27.7
2026-07-05 01:00:00,Kolkata,29.3,30.0,23.9
2026-07-05 02:00:00,Kolkata,23.7,24.3,20.6
2026-07-05 03:00:00,Kolkata,20.9,21.5,18.5
2026-07-05 04:00:00,Kolkata,20.1,20.7,17.0
2026-07-05 05:00:00,Kolkata,19.3,20.0,15.1
2026-07-05 06:00:00,Kolkata,13.7,14.6,12.1
2026-07-05 07:00:00,Kolkata,11.9,13.0,8.6
2026-07-05 08:00:00,Kolkata,10.9,11.3,6.0
2026-07-05 09:00:00,Kolkata,10.2,10.6,4.8
2026-07-05 10:00:00,Kolkata,9.1,9.5,4.5
2026-07-05 11:00:00,Kolkata,10.5,10.9,4.5
2026-07-05 12:00:00,Kolkata,10.9,11.2,4.5
2026-07-05 13:00:00,Kolkata,10.4,10.9,4.8
2026-07-05 14:00:00,Kolkata,8.8,9.3,5.6
2026-07-05 15:00:00,Kolkata,9.1,9.5,7.5
2026-07-05 16:00:00,Kolkata,9.2,10.0,9.9
2026-07-05 17:00:00,Kolkata,15.4,16.0,11.7
2026-07-05 18:00:00,Delhi,25.6,25.6,19.8
2026-07-05 19:00:00,Delhi,27.5,27.6,25.7
2026-07-05 20:00:00,Delhi,31.7,31.7,30.7
2026-07-05 21:00:00,Delhi,37.7,49.8,34.3
2026-07-05 22:00:00,Delhi,41.4,67.5,37.0
2026-07-05 23:00:00,Delhi,43.9,69.4,38.6
2026-07-05 18:00:00,Mumbai,11.0,23.5,4.9
2026-07-05 19:00:00,Mumbai,10.7,22.7,4.3
2026-07-05 20:00:00,Mumbai,12.3,27.0,3.8
2026-07-05 21:00:00,Mumbai,13.3,29.9,3.6
2026-07-05 22:00:00,Mumbai,13.8,31.0,3.4
2026-07-05 23:00:00,Mumbai,13.5,29.7,3.2
2026-07-05 18:00:00,Bengaluru,4.0,6.3,4.9
2026-07-05 19:00:00,Bengaluru,4.2,6.2,6.3
2026-07-05 20:00:00,Bengaluru,4.1,5.7,7.2
2026-07-05 21:00:00,Bengaluru,4.4,6.8,7.1
2026-07-05 22:00:00,Bengaluru,5.0,8.6,6.5
2026-07-05 23:00:00,Bengaluru,5.0,8.7,5.8
2026-07-05 18:00:00,Chennai,12.2,17.2,7.5
2026-07-05 19:00:00,Chennai,12.9,18.1,9.2
2026-07-05 20:00:00,Chennai,13.2,18.4,10.4
2026-07-05 21:00:00,Chennai,12.3,16.9,10.9
2026-07-05 22:00:00,Chennai,10.1,13.4,10.9
2026-07-05 23:00:00,Chennai,7.5,9.8,10.6
2026-07-05 18:00:00,Kolkata,16.5,17.1,12.1
2026-07-05 19:00:00,Kolkata,24.6,25.1,16.2
2026-07-05 20:00:00,Kolkata,27.9,28.6,19.3
2026-07-05 21:00:00,Kolkata,27.9,28.6,20.9
2026-07-05 22:00:00,Kolkata,28.5,29.2,21.6
2026-07-05 23:00:00,Kolkata,29.6,30.4,21.5
2026-07-06 00:00:00,Delhi,45.2,66.4,38.7
2026-07-06 01:00:00,Delhi,46.1,62.2,37.7
2026-07-06 02:00:00,Delhi,46.3,60.1,36.9
2026-07-06 03:00:00,Delhi,45.9,56.9,36.6
2026-07-06 04:00:00,Delhi,45.4,52.6,36.4
2026-07-06 05:00:00,Delhi,45.2,48.8,36.3
2026-07-06 00:00:00,Mumbai,15.5,35.4,2.9
2026-07-06 01:00:00,Mumbai,15.4,34.6,2.5
2026-07-06 02:00:00,Mumbai,15.8,35.7,2.2
2026-07-06 03:00:00,Mumbai,15.3,35.0,2.1
2026-07-06 04:00:00,Mumbai,14.4,33.4,2.2
2026-07-06 05:00:00,Mumbai,14.7,36.7,2.2
2026-07-06 00:00:00,Bengaluru,4.9,8.8,5.1
2026-07-06 01:00:00,Bengaluru,4.8,8.8,4.2
2026-07-06 02:00:00,Bengaluru,4.6,8.3,3.6
2026-07-06 03:00:00,Bengaluru,4.3,7.6,3.3
2026-07-06 04:00:00,Bengaluru,4.0,6.9,3.3
2026-07-06 05:00:00,Bengaluru,3.7,6.3,3.3
2026-07-06 00:00:00,Chennai,6.0,8.2,9.8
2026-07-06 01:00:00,Chennai,5.4,8.1,8.7
2026-07-06 02:00:00,Chennai,5.6,9.5,7.8
2026-07-06 03:00:00,Chennai,6.3,11.2,7.5
2026-07-06 04:00:00,Chennai,6.8,12.2,7.6
2026-07-06 05:00:00,Chennai,7.1,12.3,7.6
2026-07-06 00:00:00,Kolkata,28.0,28.8,20.2
2026-07-06 01:00:00,Kolkata,25.1,25.8,18.2
2026-07-06 02:00:00,Kolkata,22.1,22.9,16.9
2026-07-06 03:00:00,Kolkata,21.1,22.0,17.2
2026-07-06 04:00:00,Kolkata,21.7,22.5,18.3
2026-07-06 05:00:00,Kolkata,27.2,28.1,19.2
