timestamp,city,pm25,pm10,no2
2026-08-11 00:00:00,Delhi,77.3,77.8,45.7
2026-08-11 01:00:00,Delhi,76.6,77.1,40.0
2026-08-11 02:00:00,Delhi,74.5,75.2,34.9
2026-08-11 03:00:00,Delhi,71.9,72.6,31.2
2026-08-11 04:00:00,Delhi,65.4,65.9,28.1
2026-08-11 05:00:00,Delhi,51.9,52.3,24.2
2026-08-11 06:00:00,Delhi,47.4,47.6,26.4
2026-08-11 07:00:00,Delhi,50.5,50.9,29.3
2026-08-11 08:00:00,Delhi,44.9,45.3,30.0
2026-08-11 09:00:00,Delhi,40.3,40.4,26.4
2026-08-11 10:00:00,Delhi,37.5,37.7,20.7
2026-08-11 11:00:00,Delhi,38.5,38.8,16.2
2026-08-11 12:00:00,Delhi,39.8,40.3,13.8
2026-08-11 13:00:00,Delhi,39.6,39.9,12.8
2026-08-11 14:00:00,Delhi,38.0,38.3,14.1
2026-08-11 15:00:00,Delhi,36.4,36.7,18.2
2026-08-11 16:00:00,Delhi,37.0,37.3,24.7
2026-08-11 17:00:00,Delhi,45.2,45.3,35.7
2026-08-11 18:00:00,Delhi,47.4,47.5,48.4
2026-08-11 19:00:00,Delhi,58.9,59.0,66.0
2026-08-11 20:00:00,Delhi,74.7,75.0,80.5
2026-08-11 21:00:00,Delhi,86.6,86.8,89.1
2026-08-11 22:00:00,Delhi,102.7,102.9,94.5
2026-08-11 23:00:00,Delhi,111.3,111.5,96.9
2026-08-12 00:00:00,Delhi,109.0,109.2,95.8
2026-08-12 01:00:00,Delhi,110.4,110.6,91.8
2026-08-12 02:00:00,Delhi,116.9,117.1,86.7
2026-08-12 03:00:00,Delhi,122.0,122.0,81.1
2026-08-12 04:00:00,Delhi,114.6,114.6,74.4
2026-08-12 05:00:00,Delhi,92.2,92.2,66.0
2026-08-12 06:00:00,Delhi,93.6,93.8,56.6
2026-08-12 07:00:00,Delhi,75.0,75.2,43.6
2026-08-12 08:00:00,Delhi,54.5,54.6,32.5
2026-08-12 09:00:00,Delhi,40.4,40.6,25.7
2026-08-12 10:00:00,Delhi,40.6,40.9,20.9
2026-08-12 11:00:00,Delhi,42.8,43.2,17.0
2026-08-12 12:00:00,Delhi,44.6,44.9,13.1
2026-08-12 13:00:00,Delhi,46.4,46.9,10.1
2026-08-12 14:00:00,Delhi,47.7,48.1,9.1
2026-08-12 15:00:00,Delhi,47.7,48.1,7.7
2026-08-12 16:00:00,Delhi,48.8,49.1,8.3
2026-08-12 17:00:00,Delhi,43.9,46.7,20.2
2026-08-12 18:00:00,Delhi,65.4,67.5,38.2
2026-08-12 19:00:00,Delhi,82.4,85.2,62.7
2026-08-12 20:00:00,Delhi,85.9,89.2,78.6
2026-08-12 21:00:00,Delhi,87.3,89.4,78.0
2026-08-12 22:00:00,Delhi,81.5,81.7,68.9
2026-08-12 23:00:00,Delhi,77.3,77.3,60.1
2026-08-13 00:00:00,Delhi,66.8,66.8,54.7
2026-08-13 01:00:00,Delhi,61.2,61.2,49.7
2026-08-13 02:00:00,Delhi,55.4,55.4,44.8
2026-08-13 03:00:00,Delhi,47.5,47.5,39.4
2026-08-13 04:00:00,Delhi,41.1,41.2,34.1
2026-08-13 05:00:00,Delhi,38.9,39.0,30.6
2026-08-13 06:00:00,Delhi,40.3,40.4,31.0
2026-08-13 07:00:00,Delhi,42.3,42.3,33.2
2026-08-13 08:00:00,Delhi,42.3,42.5,32.9
2026-08-13 09:00:00,Delhi,45.2,54.7,27.0
2026-08-13 10:00:00,Delhi,45.6,55.8,18.5
2026-08-13 11:00:00,Delhi,45.3,51.6,12.1
2026-08-13 12:00:00,Delhi,43.9,47.6,9.4
2026-08-13 13:00:00,Delhi,46.8,49.4,8.8
2026-08-13 14:00:00,Delhi,50.9,52.6,9.4
2026-08-13 15:00:00,Delhi,50.4,51.8,9.3
2026-08-13 16:00:00,Delhi,51.3,52.4,10.4
2026-08-13 17:00:00,Delhi,50.8,52.2,18.3
2026-08-13 18:00:00,Delhi,60.5,61.5,39.4
2026-08-13 19:00:00,Delhi,78.7,79.4,67.1
2026-08-13 20:00:00,Delhi,90.1,90.3,87.5
2026-08-13 21:00:00,Delhi,91.0,91.0,95.1
2026-08-13 22:00:00,Delhi,95.9,95.9,95.4
2026-08-13 23:00:00,Delhi,99.9,100.4,90.5
2026-08-14 00:00:00,Delhi,95.0,95.2,78.4
2026-08-14 01:00:00,Delhi,80.8,81.0,61.1
2026-08-14 02:00:00,Delhi,71.9,72.4,47.5
2026-08-14 03:00:00,Delhi,65.2,65.4,41.3
2026-08-14 04:00:00,Delhi,66.1,66.4,38.7
2026-08-14 05:00:00,Delhi,63.6,63.8,37.2
2026-08-14 06:00:00,Delhi,61.9,62.2,36.5
2026-08-14 07:00:00,Delhi,60.3,60.5,36.9
2026-08-14 08:00:00,Delhi,49.1,49.8,36.4
2026-08-14 09:00:00,Delhi,40.4,41.7,33.9
2026-08-14 10:00:00,Delhi,36.0,37.6,30.6
2026-08-14 11:00:00,Delhi,36.9,38.4,28.1
2026-08-14 12:00:00,Delhi,40.9,42.1,26.7
2026-08-14 13:00:00,Delhi,44.2,45.4,26.1
2026-08-14 14:00:00,Delhi,47.4,48.7,27.0
2026-08-14 15:00:00,Delhi,51.9,53.0,28.9
2026-08-14 16:00:00,Delhi,54.8,56.0,32.4
2026-08-14 17:00:00,Delhi,55.4,56.6,39.6
2026-08-14 18:00:00,Delhi,63.1,64.0,54.1
2026-08-14 19:00:00,Delhi,80.6,81.3,72.4
2026-08-14 20:00:00,Delhi,90.3,91.0,85.7
2026-08-14 21:00:00,Delhi,94.1,94.5,90.3
2026-08-14 22:00:00,Delhi,98.3,99.0,90.0
2026-08-14 23:00:00,Delhi,105.7,106.2,87.1
2026-08-15 00:00:00,Delhi,104.1,104.8,81.8
2026-08-15 01:00:00,Delhi,97.8,98.7,74.0
2026-08-15 02:00:00,Delhi,88.2,88.9,65.6
2026-08-15 03:00:00,Delhi,78.2,78.9,56.5
2026-08-15 04:00:00,Delhi,71.5,72.2,46.9
2026-08-15 05:00:00,Delhi,45.4,46.4,39.0
2026-08-15 06:00:00,Delhi,36.0,37.4,34.4
2026-08-15 07:00:00,Delhi,26.9,29.2,31.4
2026-08-15 08:00:00,Delhi,24.2,27.2,28.0
2026-08-15 09:00:00,Delhi,22.8,27.2,22.6
2026-08-15 10:00:00,Delhi,21.7,29.1,16.6
2026-08-15 11:00:00,Delhi,22.5,31.2,12.2
2026-08-15 12:00:00,Delhi,24.5,34.7,10.1
2026-08-15 13:00:00,Delhi,21.4,31.5,9.5
2026-08-15 14:00:00,Delhi,22.7,34.9,10.4
2026-08-15 15:00:00,Delhi,24.4,39.3,11.8
2026-08-15 16:00:00,Delhi,26.7,45.5,14.7
2026-08-15 17:00:00,Delhi,30.5,51.3,21.8
2026-08-15 18:00:00,Delhi,35.4,52.4,36.9
2026-08-15 19:00:00,Delhi,44.2,59.0,56.1
2026-08-15 20:00:00,Delhi,56.7,69.6,70.9
2026-08-15 21:00:00,Delhi,66.4,79.2,78.0
2026-08-15 22:00:00,Delhi,75.9,89.2,80.7
2026-08-15 23:00:00,Delhi,78.0,90.6,79.4
2026-08-16 00:00:00,Delhi,66.8,78.0,72.6
2026-08-16 01:00:00,Delhi,56.6,67.8,61.9
2026-08-16 02:00:00,Delhi,54.6,63.1,52.7
2026-08-16 03:00:00,Delhi,24.2,28.7,47.3
2026-08-16 04:00:00,Delhi,17.0,21.5,43.3
2026-08-16 05:00:00,Delhi,21.6,30.9,39.3
2026-08-16 06:00:00,Delhi,26.1,36.8,35.0
2026-08-16 07:00:00,Delhi,33.2,54.2,30.7
2026-08-16 08:00:00,Delhi,32.9,55.3,25.8
2026-08-16 09:00:00,Delhi,33.3,59.5,19.5
2026-08-16 10:00:00,Delhi,32.6,60.5,12.7
2026-08-16 11:00:00,Delhi,32.9,65.0,7.6
2026-08-16 12:00:00,Delhi,36.0,75.4,5.1
2026-08-16 13:00:00,Delhi,38.6,84.3,4.3
2026-08-16 14:00:00,Delhi,40.6,92.2,5.1
2026-08-16 15:00:00,Delhi,43.1,100.6,7.7
2026-08-16 16:00:00,Delhi,44.1,104.1,12.0
2026-08-16 17:00:00,Delhi,43.0,89.6,17.4
2026-08-16 18:00:00,Delhi,43.0,70.1,24.5
2026-08-16 19:00:00,Delhi,46.7,65.0,32.8
2026-08-16 20:00:00,Delhi,54.2,71.0,40.4
2026-08-16 21:00:00,Delhi,62.6,77.5,48.0
2026-08-16 22:00:00,Delhi,71.9,85.4,54.9
2026-08-16 23:00:00,Delhi,72.6,87.8,57.4
2026-08-17 00:00:00,Delhi,67.3,82.9,51.9
2026-08-17 01:00:00,Delhi,56.1,71.2,41.8
2026-08-17 02:00:00,Delhi,43.0,60.1,34.0
2026-08-17 03:00:00,Delhi,40.0,55.6,31.2
2026-08-17 04:00:00,Delhi,38.3,51.2,30.5
2026-08-17 05:00:00,Delhi,36.6,47.5,30.3
2026-08-17 06:00:00,Delhi,23.9,30.0,30.5
2026-08-17 07:00:00,Delhi,29.2,47.4,31.2
2026-08-17 08:00:00,Delhi,30.0,51.2,30.3
2026-08-17 09:00:00,Delhi,31.8,53.3,26.5
2026-08-17 10:00:00,Delhi,31.4,55.6,21.1
2026-08-17 11:00:00,Delhi,30.5,54.1,16.9
2026-08-17 12:00:00,Delhi,36.9,62.4,14.4
2026-08-17 13:00:00,Delhi,38.0,62.2,13.0
2026-08-17 14:00:00,Delhi,41.3,66.1,13.2
2026-08-17 15:00:00,Delhi,43.3,67.8,16.1
2026-08-17 16:00:00,Delhi,44.0,68.2,20.5
2026-08-17 17:00:00,Delhi,43.9,65.2,23.8
2026-08-11 00:00:00,Mumbai,18.6,38.8,9.1
2026-08-11 01:00:00,Mumbai,17.4,36.2,8.5
2026-08-11 02:00:00,Mumbai,16.6,34.3,7.9
2026-08-11 03:00:00,Mumbai,15.5,32.1,7.0
2026-08-11 04:00:00,Mumbai,15.9,34.8,6.0
2026-08-11 05:00:00,Mumbai,13.9,30.0,4.9
2026-08-11 06:00:00,Mumbai,14.4,31.0,6.0
2026-08-11 07:00:00,Mumbai,15.6,33.4,7.4
2026-08-11 08:00:00,Mumbai,17.0,36.3,8.3
2026-08-11 09:00:00,Mumbai,17.0,37.3,8.3
2026-08-11 10:00:00,Mumbai,17.6,38.0,7.7
2026-08-11 11:00:00,Mumbai,17.3,36.8,7.1
2026-08-11 12:00:00,Mumbai,16.0,34.5,6.2
2026-08-11 13:00:00,Mumbai,15.7,34.8,5.3
2026-08-11 14:00:00,Mumbai,15.4,36.4,5.1
2026-08-11 15:00:00,Mumbai,16.5,37.4,6.4
2026-08-11 16:00:00,Mumbai,17.1,38.9,8.6
2026-08-11 17:00:00,Mumbai,16.3,38.8,8.8
2026-08-11 18:00:00,Mumbai,16.1,35.4,8.9
2026-08-11 19:00:00,Mumbai,15.8,34.5,9.0
2026-08-11 20:00:00,Mumbai,15.6,34.1,8.9
2026-08-11 21:00:00,Mumbai,15.2,34.2,8.3
2026-08-11 22:00:00,Mumbai,14.3,31.8,7.4
2026-08-11 23:00:00,Mumbai,14.2,31.9,6.5
2026-08-12 00:00:00,Mumbai,13.9,31.7,5.6
2026-08-12 01:00:00,Mumbai,13.7,32.1,4.7
2026-08-12 02:00:00,Mumbai,13.1,30.9,4.1
2026-08-12 03:00:00,Mumbai,13.0,29.9,4.1
2026-08-12 04:00:00,Mumbai,13.6,32.1,4.4
2026-08-12 05:00:00,Mumbai,14.2,37.7,3.8
2026-08-12 06:00:00,Mumbai,14.1,36.4,5.7
2026-08-12 07:00:00,Mumbai,14.3,34.7,8.2
2026-08-12 08:00:00,Mumbai,15.9,36.1,9.7
2026-08-12 09:00:00,Mumbai,16.8,39.2,8.9
2026-08-12 10:00:00,Mumbai,16.8,37.5,7.0
2026-08-12 11:00:00,Mumbai,17.9,35.9,5.8
2026-08-12 12:00:00,Mumbai,17.0,34.1,6.0
2026-08-12 13:00:00,Mumbai,15.9,33.3,6.9
2026-08-12 14:00:00,Mumbai,15.8,31.0,7.7
2026-08-12 15:00:00,Mumbai,15.0,29.1,8.1
2026-08-12 16:00:00,Mumbai,15.7,30.5,8.5
2026-08-12 17:00:00,Mumbai,16.5,37.7,9.2
2026-08-12 18:00:00,Mumbai,15.6,34.3,9.7
2026-08-12 19:00:00,Mumbai,15.6,32.8,10.4
2026-08-12 20:00:00,Mumbai,16.0,33.3,10.7
2026-08-12 21:00:00,Mumbai,16.1,33.8,10.3
2026-08-12 22:00:00,Mumbai,16.1,33.5,9.6
2026-08-12 23:00:00,Mumbai,16.1,34.1,8.7
2026-08-13 00:00:00,Mumbai,15.1,32.6,7.6
2026-08-13 01:00:00,Mumbai,14.3,31.1,6.4
2026-08-13 02:00:00,Mumbai,14.6,33.6,5.4
2026-08-13 03:00:00,Mumbai,13.4,30.0,4.7
2026-08-13 04:00:00,Mumbai,12.5,27.4,4.3
2026-08-13 05:00:00,Mumbai,12.6,28.0,4.6
2026-08-13 06:00:00,Mumbai,13.3,30.2,6.5
2026-08-13 07:00:00,Mumbai,15.3,35.2,9.2
2026-08-13 08:00:00,Mumbai,17.3,39.1,10.8
2026-08-13 09:00:00,Mumbai,16.3,36.0,10.1
2026-08-13 10:00:00,Mumbai,18.2,38.8,8.4
2026-08-13 11:00:00,Mumbai,19.2,39.6,6.9
2026-08-13 12:00:00,Mumbai,18.7,38.5,6.2
2026-08-13 13:00:00,Mumbai,18.0,34.6,5.9
2026-08-13 14:00:00,Mumbai,17.9,34.0,6.0
2026-08-13 15:00:00,Mumbai,16.5,32.1,6.9
2026-08-13 16:00:00,Mumbai,16.1,33.1,8.2
2026-08-13 17:00:00,Mumbai,15.5,32.4,9.3
2026-08-13 18:00:00,Mumbai,14.4,30.5,10.1
2026-08-13 19:00:00,Mumbai,14.8,31.8,10.6
2026-08-13 20:00:00,Mumbai,15.0,30.3,10.7
2026-08-13 21:00:00,Mumbai,14.4,29.1,10.2
2026-08-13 22:00:00,Mumbai,14.7,29.9,9.3
2026-08-13 23:00:00,Mumbai,14.8,30.6,8.2
2026-08-14 00:00:00,Mumbai,14.2,30.6,6.9
2026-08-14 01:00:00,Mumbai,13.8,29.6,5.3
2026-08-14 02:00:00,Mumbai,14.0,31.8,4.3
2026-08-14 03:00:00,Mumbai,14.6,33.3,4.0
2026-08-14 04:00:00,Mumbai,14.7,33.4,4.1
2026-08-14 05:00:00,Mumbai,15.0,35.5,4.5
2026-08-14 06:00:00,Mumbai,15.3,37.7,5.3
2026-08-14 07:00:00,Mumbai,15.7,36.4,6.5
2026-08-14 08:00:00,Mumbai,16.5,37.4,7.2
2026-08-14 09:00:00,Mumbai,17.9,42.1,7.2
2026-08-14 10:00:00,Mumbai,17.8,39.9,6.8
2026-08-14 11:00:00,Mumbai,17.6,38.5,6.3
2026-08-14 12:00:00,Mumbai,18.3,38.6,5.6
2026-08-14 13:00:00,Mumbai,17.9,36.3,4.8
2026-08-14 14:00:00,Mumbai,16.9,34.3,4.4
2026-08-14 15:00:00,Mumbai,17.0,33.5,4.8
2026-08-14 16:00:00,Mumbai,15.4,29.2,5.7
2026-08-14 17:00:00,Mumbai,14.1,27.4,6.7
2026-08-14 18:00:00,Mumbai,13.2,25.3,7.8
2026-08-14 19:00:00,Mumbai,12.1,22.9,9.0
2026-08-14 20:00:00,Mumbai,12.7,24.7,9.5
2026-08-14 21:00:00,Mumbai,12.4,24.4,9.0
2026-08-14 22:00:00,Mumbai,11.8,23.5,7.8
2026-08-14 23:00:00,Mumbai,11.7,22.4,6.7
2026-08-15 00:00:00,Mumbai,11.1,22.7,5.7
2026-08-15 01:00:00,Mumbai,11.7,25.6,4.7
2026-08-15 02:00:00,Mumbai,11.2,25.0,4.0
2026-08-15 03:00:00,Mumbai,10.9,25.1,3.7
2026-08-15 04:00:00,Mumbai,11.1,25.4,3.7
2026-08-15 05:00:00,Mumbai,11.4,25.8,4.2
2026-08-15 06:00:00,Mumbai,10.7,22.5,5.5
2026-08-15 07:00:00,Mumbai,12.5,27.2,7.3
2026-08-15 08:00:00,Mumbai,14.1,28.9,8.2
2026-08-15 09:00:00,Mumbai,14.6,29.9,7.5
2026-08-15 10:00:00,Mumbai,15.5,33.8,5.9
2026-08-15 11:00:00,Mumbai,16.1,32.4,4.8
2026-08-15 12:00:00,Mumbai,16.6,32.4,4.5
2026-08-15 13:00:00,Mumbai,16.1,31.0,4.7
2026-08-15 14:00:00,Mumbai,15.7,30.5,4.9
2026-08-15 15:00:00,Mumbai,14.8,27.6,5.2
2026-08-15 16:00:00,Mumbai,13.3,24.4,5.6
2026-08-15 17:00:00,Mumbai,12.5,24.1,6.0
2026-08-15 18:00:00,Mumbai,12.5,24.0,6.6
2026-08-15 19:00:00,Mumbai,12.9,25.4,7.3
2026-08-15 20:00:00,Mumbai,13.6,28.2,7.6
2026-08-15 21:00:00,Mumbai,13.4,27.1,7.3
2026-08-15 22:00:00,Mumbai,13.6,26.8,6.5
2026-08-15 23:00:00,Mumbai,13.0,27.6,5.7
2026-08-16 00:00:00,Mumbai,12.8,26.6,4.8
2026-08-16 01:00:00,Mumbai,11.5,24.2,3.7
2026-08-16 02:00:00,Mumbai,11.5,24.9,3.0
2026-08-16 03:00:00,Mumbai,11.0,23.9,2.7
2026-08-16 04:00:00,Mumbai,11.3,24.9,2.7
2026-08-16 05:00:00,Mumbai,12.0,26.5,3.1
2026-08-16 06:00:00,Mumbai,12.9,28.2,4.1
2026-08-16 07:00:00,Mumbai,14.2,31.3,5.4
2026-08-16 08:00:00,Mumbai,15.4,33.3,6.2
2026-08-16 09:00:00,Mumbai,16.3,34.6,5.9
2026-08-16 10:00:00,Mumbai,16.0,32.9,5.1
2026-08-16 11:00:00,Mumbai,15.4,31.3,4.4
2026-08-16 12:00:00,Mumbai,14.0,27.2,3.9
2026-08-16 13:00:00,Mumbai,13.5,26.3,3.5
2026-08-16 14:00:00,Mumbai,13.5,26.8,3.5
2026-08-16 15:00:00,Mumbai,12.9,24.2,4.3
2026-08-16 16:00:00,Mumbai,12.5,23.2,5.6
2026-08-16 17:00:00,Mumbai,12.7,24.2,6.4
2026-08-16 18:00:00,Mumbai,12.6,24.4,6.4
2026-08-16 19:00:00,Mumbai,12.3,24.1,5.9
2026-08-16 20:00:00,Mumbai,12.5,25.1,5.4
2026-08-16 21:00:00,Mumbai,12.5,23.8,5.0
2026-08-16 22:00:00,Mumbai,11.7,21.3,4.5
2026-08-16 23:00:00,Mumbai,11.2,20.5,4.0
2026-08-17 00:00:00,Mumbai,11.2,21.9,3.5
2026-08-17 01:00:00,Mumbai,10.9,22.1,3.0
2026-08-17 02:00:00,Mumbai,11.0,22.3,2.7
2026-08-17 03:00:00,Mumbai,10.6,21.9,2.5
2026-08-17 04:00:00,Mumbai,10.9,23.0,2.6
2026-08-17 05:00:00,Mumbai,11.2,23.2,3.1
2026-08-17 06:00:00,Mumbai,11.9,25.5,4.7
2026-08-17 07:00:00,Mumbai,12.6,24.7,6.8
2026-08-17 08:00:00,Mumbai,13.6,25.5,8.2
2026-08-17 09:00:00,Mumbai,14.8,27.0,8.4
2026-08-17 10:00:00,Mumbai,14.6,25.9,7.9
2026-08-17 11:00:00,Mumbai,14.0,24.9,7.4
2026-08-17 12:00:00,Mumbai,13.7,23.5,7.0
2026-08-17 13:00:00,Mumbai,12.6,21.4,6.5
2026-08-17 14:00:00,Mumbai,12.3,21.0,6.4
2026-08-17 15:00:00,Mumbai,12.3,20.7,6.9
2026-08-17 16:00:00,Mumbai,11.7,20.2,7.8
2026-08-17 17:00:00,Mumbai,11.3,19.3,8.5
2026-08-11 00:00:00,Bengaluru,8.4,10.7,17.8
2026-08-11 01:00:00,Bengaluru,7.2,9.2,14.8
2026-08-11 02:00:00,Bengaluru,6.2,8.0,12.4
2026-08-11 03:00:00,Bengaluru,5.6,7.5,10.8
2026-08-11 04:00:00,Bengaluru,5.4,7.6,9.9
2026-08-11 05:00:00,Bengaluru,5.3,7.4,10.7
2026-08-11 06:00:00,Bengaluru,5.5,7.4,10.8
2026-08-11 07:00:00,Bengaluru,6.3,8.2,10.7
2026-08-11 08:00:00,Bengaluru,5.5,7.5,10.1
2026-08-11 09:00:00,Bengaluru,5.6,8.2,8.3
2026-08-11 10:00:00,Bengaluru,5.9,9.5,5.8
2026-08-11 11:00:00,Bengaluru,6.9,12.0,3.9
2026-08-11 12:00:00,Bengaluru,7.4,13.4,2.8
2026-08-11 13:00:00,Bengaluru,7.8,14.2,2.4
2026-08-11 14:00:00,Bengaluru,8.1,14.7,2.9
2026-08-11 15:00:00,Bengaluru,8.2,15.0,4.8
2026-08-11 16:00:00,Bengaluru,8.5,13.6,7.7
2026-08-11 17:00:00,Bengaluru,12.6,20.8,18.1
2026-08-11 18:00:00,Bengaluru,14.5,21.1,21.9
2026-08-11 19:00:00,Bengaluru,15.7,21.9,27.0
2026-08-11 20:00:00,Bengaluru,16.0,22.6,29.4
2026-08-11 21:00:00,Bengaluru,14.5,20.4,26.6
2026-08-11 22:00:00,Bengaluru,12.5,17.1,21.0
2026-08-11 23:00:00,Bengaluru,10.2,13.6,16.2
2026-08-12 00:00:00,Bengaluru,8.0,10.5,13.3
2026-08-12 01:00:00,Bengaluru,6.4,8.6,11.2
2026-08-12 02:00:00,Bengaluru,5.6,7.9,9.6
2026-08-12 03:00:00,Bengaluru,5.4,8.0,8.6
2026-08-12 04:00:00,Bengaluru,5.4,8.4,8.3
2026-08-12 05:00:00,Bengaluru,4.7,7.4,7.5
2026-08-12 06:00:00,Bengaluru,4.9,7.7,8.1
2026-08-12 07:00:00,Bengaluru,5.2,8.6,8.9
2026-08-12 08:00:00,Bengaluru,5.8,9.6,8.9
2026-08-12 09:00:00,Bengaluru,6.2,10.8,7.4
2026-08-12 10:00:00,Bengaluru,6.5,11.9,5.3
2026-08-12 11:00:00,Bengaluru,7.1,13.6,3.6
2026-08-12 12:00:00,Bengaluru,7.0,13.2,2.8
2026-08-12 13:00:00,Bengaluru,6.4,11.6,2.6
2026-08-12 14:00:00,Bengaluru,5.7,9.5,3.2
2026-08-12 15:00:00,Bengaluru,5.2,8.4,5.0
2026-08-12 16:00:00,Bengaluru,5.1,8.1,7.6
2026-08-12 17:00:00,Bengaluru,10.7,16.8,19.3
2026-08-12 18:00:00,Bengaluru,12.2,16.8,21.7
2026-08-12 19:00:00,Bengaluru,12.8,17.2,25.0
2026-08-12 20:00:00,Bengaluru,12.9,17.5,26.5
2026-08-12 21:00:00,Bengaluru,12.0,16.3,24.8
2026-08-12 22:00:00,Bengaluru,11.5,15.7,21.3
2026-08-12 23:00:00,Bengaluru,10.1,13.9,18.0
2026-08-13 00:00:00,Bengaluru,8.8,12.4,15.3
2026-08-13 01:00:00,Bengaluru,7.7,11.1,12.7
2026-08-13 02:00:00,Bengaluru,6.8,10.1,10.6
2026-08-13 03:00:00,Bengaluru,6.0,9.0,8.9
2026-08-13 04:00:00,Bengaluru,5.2,7.7,7.7
2026-08-13 05:00:00,Bengaluru,4.6,6.7,7.3
2026-08-13 06:00:00,Bengaluru,4.5,6.3,8.4
2026-08-13 07:00:00,Bengaluru,4.7,6.4,10.2
2026-08-13 08:00:00,Bengaluru,5.0,6.3,10.8
2026-08-13 09:00:00,Bengaluru,4.4,5.6,8.9
2026-08-13 10:00:00,Bengaluru,3.9,4.8,5.8
2026-08-13 11:00:00,Bengaluru,3.4,4.1,3.6
2026-08-13 12:00:00,Bengaluru,4.3,6.4,3.0
2026-08-13 13:00:00,Bengaluru,4.7,7.6,3.4
2026-08-13 14:00:00,Bengaluru,6.8,11.3,4.7
2026-08-13 15:00:00,Bengaluru,7.7,13.0,7.0
2026-08-13 16:00:00,Bengaluru,7.0,11.8,10.3
2026-08-13 17:00:00,Bengaluru,8.4,11.9,14.0
2026-08-13 18:00:00,Bengaluru,9.6,11.9,19.1
2026-08-13 19:00:00,Bengaluru,10.7,12.8,24.7
2026-08-13 20:00:00,Bengaluru,10.4,12.2,27.6
2026-08-13 21:00:00,Bengaluru,8.9,10.4,25.6
2026-08-13 22:00:00,Bengaluru,7.8,9.0,20.9
2026-08-13 23:00:00,Bengaluru,6.7,7.7,16.5
2026-08-14 00:00:00,Bengaluru,5.3,6.1,13.5
2026-08-14 01:00:00,Bengaluru,4.3,5.2,10.8
2026-08-14 02:00:00,Bengaluru,3.7,4.6,8.8
2026-08-14 03:00:00,Bengaluru,3.3,4.1,7.6
2026-08-14 04:00:00,Bengaluru,2.9,3.6,7.1
2026-08-14 05:00:00,Bengaluru,2.7,3.2,6.9
2026-08-14 06:00:00,Bengaluru,2.7,3.1,7.3
2026-08-14 07:00:00,Bengaluru,3.5,3.9,7.9
2026-08-14 08:00:00,Bengaluru,3.2,3.6,8.0
2026-08-14 09:00:00,Bengaluru,3.0,3.4,6.7
2026-08-14 10:00:00,Bengaluru,3.6,5.6,4.8
2026-08-14 11:00:00,Bengaluru,6.0,13.2,3.4
2026-08-14 12:00:00,Bengaluru,8.3,19.6,2.4
2026-08-14 13:00:00,Bengaluru,8.8,20.1,1.8
2026-08-14 14:00:00,Bengaluru,8.6,19.2,2.8
2026-08-14 15:00:00,Bengaluru,7.9,16.9,6.7
2026-08-14 16:00:00,Bengaluru,7.7,14.2,12.1
2026-08-14 17:00:00,Bengaluru,8.0,11.4,16.5
2026-08-14 18:00:00,Bengaluru,8.0,10.2,18.9
2026-08-14 19:00:00,Bengaluru,8.2,9.9,20.2
2026-08-14 20:00:00,Bengaluru,7.7,9.1,20.4
2026-08-14 21:00:00,Bengaluru,6.8,8.1,19.2
2026-08-14 22:00:00,Bengaluru,6.4,8.3,17.0
2026-08-14 23:00:00,Bengaluru,6.3,8.5,14.7
2026-08-15 00:00:00,Bengaluru,5.6,8.1,12.5
2026-08-15 01:00:00,Bengaluru,5.1,7.8,10.3
2026-08-15 02:00:00,Bengaluru,4.8,7.4,8.5
2026-08-15 03:00:00,Bengaluru,4.3,6.8,7.2
2026-08-15 04:00:00,Bengaluru,3.8,6.0,6.3
2026-08-15 05:00:00,Bengaluru,3.4,5.4,5.9
2026-08-15 06:00:00,Bengaluru,3.2,4.7,6.6
2026-08-15 07:00:00,Bengaluru,3.8,4.8,8.0
2026-08-15 08:00:00,Bengaluru,3.3,3.8,8.4
2026-08-15 09:00:00,Bengaluru,3.0,3.7,7.0
2026-08-15 10:00:00,Bengaluru,3.8,6.7,4.7
2026-08-15 11:00:00,Bengaluru,5.8,11.5,3.0
2026-08-15 12:00:00,Bengaluru,7.7,15.4,2.4
2026-08-15 13:00:00,Bengaluru,8.2,16.4,2.3
2026-08-15 14:00:00,Bengaluru,9.0,18.1,2.9
2026-08-15 15:00:00,Bengaluru,9.5,19.4,4.3
2026-08-15 16:00:00,Bengaluru,10.4,21.4,6.4
2026-08-15 17:00:00,Bengaluru,11.4,22.1,8.7
2026-08-15 18:00:00,Bengaluru,13.1,22.2,11.7
2026-08-15 19:00:00,Bengaluru,13.4,21.3,15.0
2026-08-15 20:00:00,Bengaluru,12.4,18.5,17.0
2026-08-15 21:00:00,Bengaluru,10.7,15.1,16.7
2026-08-15 22:00:00,Bengaluru,8.5,11.3,15.1
2026-08-15 23:00:00,Bengaluru,6.9,8.7,13.3
2026-08-16 00:00:00,Bengaluru,5.6,7.1,11.5
2026-08-16 01:00:00,Bengaluru,4.7,6.1,9.6
2026-08-16 02:00:00,Bengaluru,4.1,5.3,8.1
2026-08-16 03:00:00,Bengaluru,3.8,4.8,7.3
2026-08-16 04:00:00,Bengaluru,3.6,4.6,7.0
2026-08-16 05:00:00,Bengaluru,3.4,4.3,6.7
2026-08-16 06:00:00,Bengaluru,3.2,4.0,6.5
2026-08-16 07:00:00,Bengaluru,3.1,4.1,6.5
2026-08-16 08:00:00,Bengaluru,3.7,5.4,6.1
2026-08-16 09:00:00,Bengaluru,4.0,5.9,5.1
2026-08-16 10:00:00,Bengaluru,4.4,7.1,3.7
2026-08-16 11:00:00,Bengaluru,4.0,6.1,2.7
2026-08-16 12:00:00,Bengaluru,3.3,5.1,2.1
2026-08-16 13:00:00,Bengaluru,3.0,4.5,1.8
2026-08-16 14:00:00,Bengaluru,3.2,4.9,2.1
2026-08-16 15:00:00,Bengaluru,3.5,5.9,3.5
2026-08-16 16:00:00,Bengaluru,4.0,6.9,5.5
2026-08-16 17:00:00,Bengaluru,5.0,7.4,7.5
2026-08-16 18:00:00,Bengaluru,5.9,8.0,9.4
2026-08-16 19:00:00,Bengaluru,6.1,7.7,11.3
2026-08-16 20:00:00,Bengaluru,6.1,7.5,12.3
2026-08-16 21:00:00,Bengaluru,5.9,7.4,11.9
2026-08-16 22:00:00,Bengaluru,5.9,7.7,10.5
2026-08-16 23:00:00,Bengaluru,5.6,7.5,9.2
2026-08-17 00:00:00,Bengaluru,4.8,6.6,8.1
2026-08-17 01:00:00,Bengaluru,4.3,6.0,7.0
2026-08-17 02:00:00,Bengaluru,3.9,5.3,6.1
2026-08-17 03:00:00,Bengaluru,3.4,4.5,5.3
2026-08-17 04:00:00,Bengaluru,2.9,3.7,4.8
2026-08-17 05:00:00,Bengaluru,2.6,3.3,4.9
2026-08-17 06:00:00,Bengaluru,2.8,3.4,6.5
2026-08-17 07:00:00,Bengaluru,3.1,4.0,8.8
2026-08-17 08:00:00,Bengaluru,4.1,5.3,9.9
2026-08-17 09:00:00,Bengaluru,5.0,8.0,8.7
2026-08-17 10:00:00,Bengaluru,6.0,10.2,6.4
2026-08-17 11:00:00,Bengaluru,7.3,14.0,4.5
2026-08-17 12:00:00,Bengaluru,5.7,10.3,3.4
2026-08-17 13:00:00,Bengaluru,5.4,9.3,2.7
2026-08-17 14:00:00,Bengaluru,5.6,10.1,3.0
2026-08-17 15:00:00,Bengaluru,6.3,11.5,5.1
2026-08-17 16:00:00,Bengaluru,7.3,11.3,8.2
2026-08-17 17:00:00,Bengaluru,7.6,11.9,10.4
2026-08-11 00:00:00,Chennai,20.0,26.1,13.0
2026-08-11 01:00:00,Chennai,18.0,23.3,12.2
2026-08-11 02:00:00,Chennai,15.9,20.5,11.9
2026-08-11 03:00:00,Chennai,14.0,18.0,12.8
2026-08-11 04:00:00,Chennai,12.6,15.9,14.1
2026-08-11 05:00:00,Chennai,9.2,12.6,11.8
2026-08-11 06:00:00,Chennai,9.9,13.4,12.8
2026-08-11 07:00:00,Chennai,11.6,15.5,14.0
2026-08-11 08:00:00,Chennai,13.6,18.1,14.1
2026-08-11 09:00:00,Chennai,14.7,19.8,12.1
2026-08-11 10:00:00,Chennai,16.1,22.8,8.9
2026-08-11 11:00:00,Chennai,18.4,26.7,6.3
2026-08-11 12:00:00,Chennai,21.2,31.5,4.5
2026-08-11 13:00:00,Chennai,22.6,34.0,3.3
2026-08-11 14:00:00,Chennai,21.9,33.4,3.1
2026-08-11 15:00:00,Chennai,21.4,33.2,4.6
2026-08-11 16:00:00,Chennai,21.4,33.1,7.2
2026-08-11 17:00:00,Chennai,14.8,20.3,8.8
2026-08-11 18:00:00,Chennai,15.8,21.1,9.1
2026-08-11 19:00:00,Chennai,16.2,21.4,9.5
2026-08-11 20:00:00,Chennai,17.5,22.9,9.5
2026-08-11 21:00:00,Chennai,19.0,25.0,8.5
2026-08-11 22:00:00,Chennai,20.0,26.4,7.0
2026-08-11 23:00:00,Chennai,19.4,25.9,6.8
2026-08-12 00:00:00,Chennai,17.5,23.2,8.8
2026-08-12 01:00:00,Chennai,15.9,20.4,12.0
2026-08-12 02:00:00,Chennai,15.8,20.3,14.6
2026-08-12 03:00:00,Chennai,16.1,20.8,15.7
2026-08-12 04:00:00,Chennai,16.4,21.3,16.2
2026-08-12 05:00:00,Chennai,15.6,20.6,15.9
2026-08-12 06:00:00,Chennai,16.7,21.7,16.8
2026-08-12 07:00:00,Chennai,18.7,23.7,17.9
2026-08-12 08:00:00,Chennai,19.7,24.9,17.6
2026-08-12 09:00:00,Chennai,18.8,24.2,14.6
2026-08-12 10:00:00,Chennai,18.4,24.0,10.2
2026-08-12 11:00:00,Chennai,19.2,25.7,6.7
2026-08-12 12:00:00,Chennai,21.8,30.9,4.7
2026-08-12 13:00:00,Chennai,22.4,31.9,3.5
2026-08-12 14:00:00,Chennai,21.0,30.6,3.3
2026-08-12 15:00:00,Chennai,20.3,30.6,4.7
2026-08-12 16:00:00,Chennai,20.5,31.3,7.2
2026-08-12 17:00:00,Chennai,25.2,36.7,8.8
2026-08-12 18:00:00,Chennai,25.4,36.4,9.0
2026-08-12 19:00:00,Chennai,25.5,36.6,9.3
2026-08-12 20:00:00,Chennai,25.6,36.7,9.4
2026-08-12 21:00:00,Chennai,25.0,35.7,8.9
2026-08-12 22:00:00,Chennai,24.9,35.3,8.1
2026-08-12 23:00:00,Chennai,25.0,35.4,8.1
2026-08-13 00:00:00,Chennai,23.6,32.7,9.5
2026-08-13 01:00:00,Chennai,21.4,29.5,11.6
2026-08-13 02:00:00,Chennai,20.3,27.8,13.4
2026-08-13 03:00:00,Chennai,19.6,27.2,14.3
2026-08-13 04:00:00,Chennai,19.1,26.8,14.9
2026-08-13 05:00:00,Chennai,19.4,27.4,15.7
2026-08-13 06:00:00,Chennai,20.5,28.4,17.4
2026-08-13 07:00:00,Chennai,22.6,30.6,19.3
2026-08-13 08:00:00,Chennai,24.6,33.2,19.6
2026-08-13 09:00:00,Chennai,23.1,31.3,17.2
2026-08-13 10:00:00,Chennai,20.8,27.9,13.2
2026-08-13 11:00:00,Chennai,19.2,25.2,9.7
2026-08-13 12:00:00,Chennai,18.8,23.9,7.2
2026-08-13 13:00:00,Chennai,20.5,26.9,5.2
2026-08-13 14:00:00,Chennai,22.7,31.1,4.1
2026-08-13 15:00:00,Chennai,21.9,30.6,4.1
2026-08-13 16:00:00,Chennai,19.9,28.7,5.0
2026-08-13 17:00:00,Chennai,18.9,27.5,6.8
2026-08-13 18:00:00,Chennai,18.9,26.5,10.1
2026-08-13 19:00:00,Chennai,20.5,27.9,14.3
2026-08-13 20:00:00,Chennai,23.1,30.2,16.9
2026-08-13 21:00:00,Chennai,24.4,31.7,16.4
2026-08-13 22:00:00,Chennai,21.4,28.1,14.3
2026-08-13 23:00:00,Chennai,17.1,21.4,13.2
2026-08-14 00:00:00,Chennai,16.9,20.8,14.2
2026-08-14 01:00:00,Chennai,16.6,20.1,16.2
2026-08-14 02:00:00,Chennai,16.0,19.3,17.7
2026-08-14 03:00:00,Chennai,14.9,17.7,18.5
2026-08-14 04:00:00,Chennai,13.5,15.7,19.0
2026-08-14 05:00:00,Chennai,12.1,13.9,18.6
2026-08-14 06:00:00,Chennai,11.2,12.6,17.1
2026-08-14 07:00:00,Chennai,11.4,13.1,14.9
2026-08-14 08:00:00,Chennai,10.1,13.1,12.5
2026-08-14 09:00:00,Chennai,9.9,15.3,9.8
2026-08-14 10:00:00,Chennai,11.4,18.7,7.0
2026-08-14 11:00:00,Chennai,12.3,20.0,4.8
2026-08-14 12:00:00,Chennai,13.5,20.3,3.6
2026-08-14 13:00:00,Chennai,17.5,26.2,3.0
2026-08-14 14:00:00,Chennai,18.7,27.6,3.0
2026-08-14 15:00:00,Chennai,17.8,26.1,3.9
2026-08-14 16:00:00,Chennai,16.9,25.4,5.4
2026-08-14 17:00:00,Chennai,16.7,24.3,6.9
2026-08-14 18:00:00,Chennai,18.7,24.7,8.1
2026-08-14 19:00:00,Chennai,21.4,26.8,9.3
2026-08-14 20:00:00,Chennai,20.7,25.7,10.7
2026-08-14 21:00:00,Chennai,16.6,21.1,12.7
2026-08-14 22:00:00,Chennai,14.1,18.2,15.0
2026-08-14 23:00:00,Chennai,13.2,17.0,16.7
2026-08-15 00:00:00,Chennai,13.1,16.5,17.6
2026-08-15 01:00:00,Chennai,13.1,16.5,18.0
2026-08-15 02:00:00,Chennai,13.1,16.2,18.2
2026-08-15 03:00:00,Chennai,12.8,15.3,18.6
2026-08-15 04:00:00,Chennai,12.1,14.3,18.8
2026-08-15 05:00:00,Chennai,11.5,13.7,18.3
2026-08-15 06:00:00,Chennai,11.1,13.7,16.8
2026-08-15 07:00:00,Chennai,11.6,14.9,14.7
2026-08-15 08:00:00,Chennai,11.0,15.8,12.4
2026-08-15 09:00:00,Chennai,10.8,16.9,9.8
2026-08-15 10:00:00,Chennai,11.6,18.3,7.1
2026-08-15 11:00:00,Chennai,11.6,17.6,5.0
2026-08-15 12:00:00,Chennai,13.0,18.8,3.9
2026-08-15 13:00:00,Chennai,13.6,19.3,3.5
2026-08-15 14:00:00,Chennai,18.2,26.7,3.6
2026-08-15 15:00:00,Chennai,17.8,26.5,4.0
2026-08-15 16:00:00,Chennai,17.7,26.5,4.9
2026-08-15 17:00:00,Chennai,18.2,26.4,6.2
2026-08-15 18:00:00,Chennai,20.7,28.4,8.5
2026-08-15 19:00:00,Chennai,22.6,30.2,11.4
2026-08-15 20:00:00,Chennai,21.8,28.4,13.3
2026-08-15 21:00:00,Chennai,20.4,27.1,13.3
2026-08-15 22:00:00,Chennai,18.4,25.0,12.3
2026-08-15 23:00:00,Chennai,17.5,23.6,12.2
2026-08-16 00:00:00,Chennai,17.2,22.2,14.1
2026-08-16 01:00:00,Chennai,17.6,22.1,16.8
2026-08-16 02:00:00,Chennai,17.7,22.1,18.7
2026-08-16 03:00:00,Chennai,17.2,21.6,19.2
2026-08-16 04:00:00,Chennai,15.9,20.1,18.8
2026-08-16 05:00:00,Chennai,14.3,18.0,17.8
2026-08-16 06:00:00,Chennai,12.9,16.2,16.0
2026-08-16 07:00:00,Chennai,12.1,15.3,13.6
2026-08-16 08:00:00,Chennai,10.7,14.5,11.3
2026-08-16 09:00:00,Chennai,10.5,15.6,9.1
2026-08-16 10:00:00,Chennai,11.7,18.7,7.1
2026-08-16 11:00:00,Chennai,12.7,21.0,5.4
2026-08-16 12:00:00,Chennai,13.6,21.8,4.3
2026-08-16 13:00:00,Chennai,15.8,25.2,3.6
2026-08-16 14:00:00,Chennai,17.3,27.0,3.4
2026-08-16 15:00:00,Chennai,17.3,26.5,3.7
2026-08-16 16:00:00,Chennai,17.4,26.3,4.4
2026-08-16 17:00:00,Chennai,19.0,28.1,5.4
2026-08-16 18:00:00,Chennai,23.1,34.0,6.7
2026-08-16 19:00:00,Chennai,25.4,37.5,8.2
2026-08-16 20:00:00,Chennai,25.5,36.7,9.3
2026-08-16 21:00:00,Chennai,24.0,34.3,9.5
2026-08-16 22:00:00,Chennai,19.2,27.6,9.2
2026-08-16 23:00:00,Chennai,13.9,19.0,9.0
2026-08-17 00:00:00,Chennai,11.9,15.7,9.1
2026-08-17 01:00:00,Chennai,11.2,14.8,9.3
2026-08-17 02:00:00,Chennai,11.2,14.9,9.8
2026-08-17 03:00:00,Chennai,10.7,14.1,10.8
2026-08-17 04:00:00,Chennai,10.3,12.8,12.1
2026-08-17 05:00:00,Chennai,10.0,12.1,13.1
2026-08-17 06:00:00,Chennai,10.1,12.0,13.7
2026-08-17 07:00:00,Chennai,10.9,13.1,13.9
2026-08-17 08:00:00,Chennai,10.7,13.3,13.4
2026-08-17 09:00:00,Chennai,10.0,13.1,11.6
2026-08-17 10:00:00,Chennai,10.2,14.2,9.0
2026-08-17 11:00:00,Chennai,11.2,16.2,6.8
2026-08-17 12:00:00,Chennai,12.4,17.6,5.3
2026-08-17 13:00:00,Chennai,14.4,21.4,4.3
2026-08-17 14:00:00,Chennai,17.1,26.3,3.8
2026-08-17 15:00:00,Chennai,18.0,27.9,4.2
2026-08-17 16:00:00,Chennai,18.5,28.1,5.1
2026-08-17 17:00:00,Chennai,19.3,29.2,5.8
2026-08-11 00:00:00,Kolkata,42.4,45.6,26.9
2026-08-11 01:00:00,Kolkata,43.8,47.0,28.8
2026-08-11 02:00:00,Kolkata,45.6,48.8,30.5
2026-08-11 03:00:00,Kolkata,43.2,45.9,32.4
2026-08-11 04:00:00,Kolkata,45.1,47.5,33.9
2026-08-11 05:00:00,Kolkata,40.2,43.2,29.0
2026-08-11 06:00:00,Kolkata,40.0,43.1,24.9
2026-08-11 07:00:00,Kolkata,34.8,38.1,19.1
2026-08-11 08:00:00,Kolkata,28.1,31.0,13.8
2026-08-11 09:00:00,Kolkata,24.9,27.0,9.6
2026-08-11 10:00:00,Kolkata,22.8,24.2,6.0
2026-08-11 11:00:00,Kolkata,22.9,24.3,3.5
2026-08-11 12:00:00,Kolkata,23.8,25.0,2.5
2026-08-11 13:00:00,Kolkata,23.9,25.0,2.7
2026-08-11 14:00:00,Kolkata,24.1,25.2,3.7
2026-08-11 15:00:00,Kolkata,23.1,24.1,5.6
2026-08-11 16:00:00,Kolkata,21.5,22.2,8.4
2026-08-11 17:00:00,Kolkata,13.9,14.2,11.5
2026-08-11 18:00:00,Kolkata,23.2,23.5,17.7
2026-08-11 19:00:00,Kolkata,31.8,32.0,26.1
2026-08-11 20:00:00,Kolkata,34.2,34.3,30.6
2026-08-11 21:00:00,Kolkata,34.6,34.7,27.3
2026-08-11 22:00:00,Kolkata,26.0,26.1,20.1
2026-08-11 23:00:00,Kolkata,23.6,23.6,15.0
2026-08-12 00:00:00,Kolkata,24.2,24.2,14.5
2026-08-12 01:00:00,Kolkata,25.7,25.8,16.1
2026-08-12 02:00:00,Kolkata,27.6,27.7,17.6
2026-08-12 03:00:00,Kolkata,29.3,29.3,18.8
2026-08-12 04:00:00,Kolkata,30.9,30.9,19.9
2026-08-12 05:00:00,Kolkata,22.1,22.2,18.3
2026-08-12 06:00:00,Kolkata,23.9,24.0,19.9
2026-08-12 07:00:00,Kolkata,24.0,24.2,22.0
2026-08-12 08:00:00,Kolkata,23.5,23.6,22.7
2026-08-12 09:00:00,Kolkata,20.0,20.1,20.8
2026-08-12 10:00:00,Kolkata,19.3,19.4,17.5
2026-08-12 11:00:00,Kolkata,15.4,15.5,14.1
2026-08-12 12:00:00,Kolkata,15.5,15.6,10.4
2026-08-12 13:00:00,Kolkata,16.8,16.9,6.7
2026-08-12 14:00:00,Kolkata,19.6,19.7,5.1
2026-08-12 15:00:00,Kolkata,22.9,23.0,6.9
2026-08-12 16:00:00,Kolkata,25.2,25.3,10.8
2026-08-12 17:00:00,Kolkata,22.5,23.5,15.6
2026-08-12 18:00:00,Kolkata,30.7,31.9,21.3
2026-08-12 19:00:00,Kolkata,39.0,41.0,29.1
2026-08-12 20:00:00,Kolkata,43.2,45.4,34.9
2026-08-12 21:00:00,Kolkata,45.2,47.3,36.9
2026-08-12 22:00:00,Kolkata,46.4,48.7,36.9
2026-08-12 23:00:00,Kolkata,43.2,45.3,35.5
2026-08-13 00:00:00,Kolkata,36.8,38.9,32.3
2026-08-13 01:00:00,Kolkata,32.9,34.7,27.8
2026-08-13 02:00:00,Kolkata,27.9,29.6,24.0
2026-08-13 03:00:00,Kolkata,22.2,23.7,21.9
2026-08-13 04:00:00,Kolkata,19.4,20.7,20.6
2026-08-13 05:00:00,Kolkata,18.5,19.7,19.0
2026-08-13 06:00:00,Kolkata,16.4,17.7,16.8
2026-08-13 07:00:00,Kolkata,14.7,16.1,14.3
2026-08-13 08:00:00,Kolkata,14.1,15.5,11.9
2026-08-13 09:00:00,Kolkata,11.6,13.0,9.4
2026-08-13 10:00:00,Kolkata,10.5,11.3,7.0
2026-08-13 11:00:00,Kolkata,11.1,11.6,5.4
2026-08-13 12:00:00,Kolkata,10.9,11.3,5.0
2026-08-13 13:00:00,Kolkata,10.6,11.0,5.3
2026-08-13 14:00:00,Kolkata,11.9,12.2,6.3
2026-08-13 15:00:00,Kolkata,13.2,13.4,7.9
2026-08-13 16:00:00,Kolkata,14.6,14.8,10.2
2026-08-13 17:00:00,Kolkata,17.1,17.2,12.6
2026-08-13 18:00:00,Kolkata,22.2,22.3,15.5
2026-08-13 19:00:00,Kolkata,25.3,25.3,18.6
2026-08-13 20:00:00,Kolkata,27.1,27.2,20.8
2026-08-13 21:00:00,Kolkata,29.3,29.4,21.6
2026-08-13 22:00:00,Kolkata,28.5,28.6,21.4
2026-08-13 23:00:00,Kolkata,28.4,28.5,20.7
2026-08-14 00:00:00,Kolkata,25.1,25.1,19.1
2026-08-14 01:00:00,Kolkata,22.9,22.9,16.8
2026-08-14 02:00:00,Kolkata,21.5,21.5,15.1
2026-08-14 03:00:00,Kolkata,19.3,19.3,14.5
2026-08-14 04:00:00,Kolkata,17.4,17.5,14.4
2026-08-14 05:00:00,Kolkata,15.5,15.6,13.9
2026-08-14 06:00:00,Kolkata,13.8,13.8,12.5
2026-08-14 07:00:00,Kolkata,10.2,10.2,10.7
2026-08-14 08:00:00,Kolkata,9.4,9.4,8.9
2026-08-14 09:00:00,Kolkata,9.7,9.7,7.2
2026-08-14 10:00:00,Kolkata,10.3,10.3,5.5
2026-08-14 11:00:00,Kolkata,11.1,11.1,4.3
2026-08-14 12:00:00,Kolkata,11.1,11.1,3.6
2026-08-14 13:00:00,Kolkata,10.8,10.9,3.3
2026-08-14 14:00:00,Kolkata,10.8,10.9,3.9
2026-08-14 15:00:00,Kolkata,11.1,11.3,6.1
2026-08-14 16:00:00,Kolkata,14.7,14.8,9.1
2026-08-14 17:00:00,Kolkata,16.7,16.9,11.0
2026-08-14 18:00:00,Kolkata,18.4,18.9,10.8
2026-08-14 19:00:00,Kolkata,18.7,19.5,9.5
2026-08-14 20:00:00,Kolkata,18.6,19.7,8.3
2026-08-14 21:00:00,Kolkata,17.5,18.8,7.5
2026-08-14 22:00:00,Kolkata,15.8,17.2,6.9
2026-08-14 23:00:00,Kolkata,13.7,15.3,6.5
2026-08-15 00:00:00,Kolkata,11.7,13.1,6.6
2026-08-15 01:00:00,Kolkata,10.1,11.2,7.0
2026-08-15 02:00:00,Kolkata,10.0,10.9,7.5
2026-08-15 03:00:00,Kolkata,10.5,11.4,8.1
2026-08-15 04:00:00,Kolkata,10.2,11.1,8.8
2026-08-15 05:00:00,Kolkata,9.9,10.7,9.0
2026-08-15 06:00:00,Kolkata,10.0,10.8,8.2
2026-08-15 07:00:00,Kolkata,10.0,10.7,7.0
2026-08-15 08:00:00,Kolkata,8.9,9.8,5.8
2026-08-15 09:00:00,Kolkata,7.5,8.2,4.9
2026-08-15 10:00:00,Kolkata,7.3,7.9,4.2
2026-08-15 11:00:00,Kolkata,7.3,7.6,3.7
2026-08-15 12:00:00,Kolkata,7.3,7.5,3.5
2026-08-15 13:00:00,Kolkata,7.7,7.9,3.7
2026-08-15 14:00:00,Kolkata,8.3,8.7,4.1
2026-08-15 15:00:00,Kolkata,8.5,8.8,5.1
2026-08-15 16:00:00,Kolkata,8.6,9.2,6.4
2026-08-15 17:00:00,Kolkata,10.1,11.2,7.5
2026-08-15 18:00:00,Kolkata,11.6,12.7,8.2
2026-08-15 19:00:00,Kolkata,12.5,13.7,8.7
2026-08-15 20:00:00,Kolkata,12.7,14.1,9.0
2026-08-15 21:00:00,Kolkata,13.2,14.6,9.1
2026-08-15 22:00:00,Kolkata,13.1,14.6,8.9
2026-08-15 23:00:00,Kolkata,10.5,11.8,8.6
2026-08-16 00:00:00,Kolkata,8.1,9.1,7.9
2026-08-16 01:00:00,Kolkata,7.0,8.0,7.0
2026-08-16 02:00:00,Kolkata,6.6,7.4,6.6
2026-08-16 03:00:00,Kolkata,6.1,6.9,7.4
2026-08-16 04:00:00,Kolkata,6.8,7.5,8.7
2026-08-16 05:00:00,Kolkata,8.0,8.7,9.2
2026-08-16 06:00:00,Kolkata,7.8,8.8,8.1
2026-08-16 07:00:00,Kolkata,8.7,9.8,6.3
2026-08-16 08:00:00,Kolkata,8.6,9.8,4.7
2026-08-16 09:00:00,Kolkata,7.5,8.4,3.9
2026-08-16 10:00:00,Kolkata,5.8,6.5,3.4
2026-08-16 11:00:00,Kolkata,5.4,5.9,3.0
2026-08-16 12:00:00,Kolkata,6.6,7.0,2.5
2026-08-16 13:00:00,Kolkata,7.2,8.3,2.2
2026-08-16 14:00:00,Kolkata,7.8,9.2,2.3
2026-08-16 15:00:00,Kolkata,8.7,10.4,3.2
2026-08-16 16:00:00,Kolkata,9.7,11.8,4.5
2026-08-16 17:00:00,Kolkata,11.8,14.0,5.6
2026-08-16 18:00:00,Kolkata,12.7,15.2,6.2
2026-08-16 19:00:00,Kolkata,13.4,16.2,6.6
2026-08-16 20:00:00,Kolkata,13.8,16.9,6.9
2026-08-16 21:00:00,Kolkata,14.1,17.2,7.0
2026-08-16 22:00:00,Kolkata,13.3,16.0,7.0
2026-08-16 23:00:00,Kolkata,11.3,13.4,7.0
2026-08-17 00:00:00,Kolkata,9.6,11.2,6.8
2026-08-17 01:00:00,Kolkata,8.9,10.3,6.6
2026-08-17 02:00:00,Kolkata,8.8,10.2,6.6
2026-08-17 03:00:00,Kolkata,9.3,10.7,7.2
2026-08-17 04:00:00,Kolkata,9.5,10.9,8.0
2026-08-17 05:00:00,Kolkata,10.3,11.8,8.2
2026-08-17 06:00:00,Kolkata,13.0,14.6,7.2
2026-08-17 07:00:00,Kolkata,11.2,13.5,5.5
2026-08-17 08:00:00,Kolkata,10.2,12.7,4.0
2026-08-17 09:00:00,Kolkata,9.1,11.6,3.0
2026-08-17 10:00:00,Kolkata,9.6,12.8,2.3
2026-08-17 11:00:00,Kolkata,10.1,14.2,1.8
2026-08-17 12:00:00,Kolkata,10.7,14.8,1.6
2026-08-17 13:00:00,Kolkata,11.3,15.1,1.7
2026-08-17 14:00:00,Kolkata,12.0,16.6,2.2
2026-08-17 15:00:00,Kolkata,12.3,17.0,3.4
2026-08-17 16:00:00,Kolkata,12.9,17.5,5.0
2026-08-17 17:00:00,Kolkata,14.0,18.4,6.2
